Move,Speed,Accel,Runs Used,Motion Start Index (per used run),Lag Fine Samples (per used run),Lag Seconds (per used run),Max Corr (per used run),Energy_mean_J,Energy_mean_Wh,Energy_median_J,Energy_median_Wh,Energy_p80_J,Energy_p80_Wh,Energy_p90_J,Energy_p90_Wh,Energy_max_J,Energy_max_Wh
1,10,10,"2,3,4,5,6,7,8,9,10,11","0,0,0,0,0,0,0,0,0,0","0,-12,-1,-20,-18,-20,-18,-18,-12,-19","+0.0000,-0.0600,-0.0050,-0.1000,-0.0900,-0.1000,-0.0900,-0.0900,-0.0600,-0.0950","1.0000,0.8684,0.9058,0.8170,0.8892,0.6363,0.8164,0.8602,0.8378,0.8832",1098.117665,0.305033,1090.179163,0.302828,1116.417840,0.310116,1142.044663,0.317235,1154.339975,0.320650
2,10,20,"2,3,4,5,6,7,8,9,10,11","0,0,0,0,0,0,0,0,0,0","0,2,20,6,-1,10,13,0,0,15","+0.0000,+0.0100,+0.1000,+0.0300,-0.0050,+0.0500,+0.0650,+0.0000,+0.0000,+0.0750","1.0000,0.9253,0.7455,0.8682,0.9082,0.8865,0.8027,0.9282,0.9140,0.8395",1079.791766,0.299942,1073.515375,0.298199,1098.864915,0.305240,1117.334700,0.310371,1125.899913,0.312750
3,10,30,"2,3,4,5,6,7,8,9,10,11","0,0,0,0,0,0,0,0,0,0","0,0,-4,-3,0,-2,0,0,1,0","+0.0000,+0.0000,-0.0200,-0.0150,+0.0000,-0.0100,+0.0000,+0.0000,+0.0050,+0.0000","1.0000,0.9276,0.8928,0.9211,0.8841,0.9258,0.9289,0.9114,0.8573,0.8873",1070.198880,0.297277,1063.007538,0.295280,1087.668000,0.302130,1107.084438,0.307523,1118.316600,0.310644
4,10,40,"2,3,4,5,6,7,8,9,10,11","0,0,0,0,0,0,0,0,0,0","0,0,4,11,1,9,0,0,0,5","+0.0000,+0.0000,+0.0200,+0.0550,+0.0050,+0.0450,+0.0000,+0.0000,+0.0000,+0.0250","1.0000,0.8462,0.7271,0.7148,0.7291,0.7220,0.8334,0.8615,0.8729,0.7637",1070.157511,0.297266,1063.477662,0.295410,1086.125845,0.301702,1104.978223,0.306938,1121.002300,0.311390
5,10,50,"2,3,4,5,6,7,8,9,10,11","0,0,0,0,0,0,0,0,0,0","0,7,0,0,14,19,0,2,5,17","+0.0000,+0.0350,+0.0000,+0.0000,+0.0700,+0.0950,+0.0000,+0.0100,+0.0250,+0.0850","1.0000,0.7808,0.9023,0.7971,0.8454,0.8245,0.8839,0.8159,0.8872,0.7339",1059.044592,0.294179,1053.278712,0.292577,1076.260190,0.298961,1091.289510,0.303136,1102.254900,0.306182
6,10,60,"2,3,4,5,6,7,8,9,10,11","0,0,0,0,0,0,0,0,0,0","0,0,0,0,0,0,0,0,-4,0","+0.0000,+0.0000,+0.0000,+0.0000,+0.0000,+0.0000,+0.0000,+0.0000,-0.0200,+0.0000","1.0000,0.9386,0.7912,0.8120,0.9310,0.8723,0.7732,0.8940,0.5545,0.7794",1049.538480,0.291538,1044.305038,0.290085,1067.202310,0.296445,1082.262205,0.300628,1092.870100,0.303575
7,10,70,"2,3,4,5,6,7,8,9,10,11","0,0,0,0,0,0,0,0,0,0","0,0,0,0,-8,0,0,0,0,0","+0.0000,+0.0000,+0.0000,+0.0000,-0.0400,+0.0000,+0.0000,+0.0000,+0.0000,+0.0000","1.0000,0.9673,0.9513,0.8520,0.8494,0.9122,0.9102,0.6838,0.9062,0.9475",1060.440686,0.294567,1055.912200,0.293309,1077.511965,0.299309,1092.960973,0.303600,1102.266900,0.306185
8,10,80,"2,3,4,5,6,7,8,9,10,11","0,0,0,0,0,0,0,0,0,0","0,0,6,3,8,10,6,6,0,0","+0.0000,+0.0000,+0.0300,+0.0150,+0.0400,+0.0500,+0.0300,+0.0300,+0.0000,+0.0000","1.0000,0.7896,0.7300,0.7399,0.7248,0.6817,0.5389,0.5915,0.9224,0.9474",1070.997985,0.297499,1066.048912,0.296125,1088.245025,0.302290,1104.015895,0.306671,1113.030300,0.309175
9,10,90,"2,3,4,5,6,7,8,9,10,11","0,0,0,0,0,0,0,0,0,0","0,0,12,0,0,0,12,0,16,9","+0.0000,+0.0000,+0.0600,+0.0000,+0.0000,+0.0000,+0.0600,+0.0000,+0.0800,+0.0450","1.0000,0.9382,0.6960,0.7643,0.9506,0.8968,0.7097,0.8605,0.6979,0.7261",1060.538265,0.294594,1056.242488,0.293401,1076.695805,0.299082,1092.752460,0.303542,1101.799600,0.306055
10,10,100,"2,3,4,5,6,7,8,9,10,11","0,0,0,0,0,0,0,0,0,0","0,-14,0,0,0,-2,0,0,0,0","+0.0000,-0.0700,+0.0000,+0.0000,+0.0000,-0.0100,+0.0000,+0.0000,+0.0000,+0.0000","1.0000,0.7804,0.8574,0.8000,0.8853,0.8386,0.8963,0.9055,0.8781,0.8785",1060.374734,0.294549,1055.314763,0.293143,1077.866260,0.299407,1091.627845,0.303230,1101.203700,0.305890
11,20,10,"2,3,4,5,6,7,8,9,10,11","0,0,0,0,0,0,0,0,0,0","0,9,16,0,-1,5,20,20,6,20","+0.0000,+0.0450,+0.0800,+0.0000,-0.0050,+0.0250,+0.1000,+0.1000,+0.0300,+0.1000","1.0000,0.9573,0.9728,0.9714,0.9198,0.9489,0.9791,0.9289,0.8948,0.9337",762.571971,0.211826,756.772950,0.210215,779.213270,0.216448,800.498749,0.222361,810.144362,0.225040
12,20,20,"2,3,4,5,6,7,8,9,10,11","0,0,0,0,0,0,0,0,0,0","0,9,3,-5,5,3,0,9,20,20","+0.0000,+0.0450,+0.0150,-0.0250,+0.0250,+0.0150,+0.0000,+0.0450,+0.1000,+0.1000","1.0000,0.9653,0.9411,0.9868,0.9545,0.9452,0.9764,0.9673,0.8741,0.9435",702.570550,0.195158,697.977988,0.193883,718.996218,0.199721,738.651356,0.205181,747.325025,0.207590
13,20,30,"2,3,4,5,6,7,8,9,10,11","0,0,0,0,0,0,0,0,0,0","0,5,15,11,5,20,18,2,20,14","+0.0000,+0.0250,+0.0750,+0.0550,+0.0250,+0.1000,+0.0900,+0.0100,+0.1000,+0.0700","1.0000,0.9708,0.9315,0.9484,0.9778,0.9489,0.9285,0.9389,0.9370,0.9317",691.524387,0.192090,685.859062,0.190516,708.563568,0.196823,727.823255,0.202173,733.676213,0.203799
14,20,40,"2,3,4,5,6,7,8,9,10,11","0,0,0,0,0,0,0,0,0,0","0,-12,0,-3,0,-4,0,-11,0,-1","+0.0000,-0.0600,+0.0000,-0.0150,+0.0000,-0.0200,+0.0000,-0.0550,+0.0000,-0.0050","1.0000,0.8991,0.9513,0.9356,0.9279,0.9299,0.9544,0.9037,0.9542,0.9453",673.118370,0.186977,668.395225,0.185665,688.074230,0.191132,707.901933,0.196639,714.685400,0.198524
15,20,50,"2,3,4,5,6,7,8,9,10,11","0,0,0,0,0,0,0,0,0,0","0,4,12,14,5,17,18,4,20,12","+0.0000,+0.0200,+0.0600,+0.0700,+0.0250,+0.0850,+0.0900,+0.0200,+0.1000,+0.0600","1.0000,0.9419,0.8718,0.8602,0.9723,0.9086,0.8093,0.9515,0.8318,0.8814",683.237327,0.189788,679.199588,0.188667,699.162940,0.194212,719.159915,0.199767,726.182375,0.201717
16,20,60,"2,3,4,5,6,7,8,9,10,11","0,0,0,0,0,0,0,0,0,0","0,0,-3,-5,1,0,8,0,0,10","+0.0000,+0.0000,-0.0150,-0.0250,+0.0050,+0.0000,+0.0400,+0.0000,+0.0000,+0.0500","1.0000,0.9385,0.9156,0.8940,0.9487,0.9799,0.7073,0.9393,0.8725,0.7435",672.395883,0.186777,669.754956,0.186043,687.956305,0.191099,704.509577,0.195697,712.086575,0.197802
17,20,70,"2,3,4,5,6,7,8,9,10,11","0,0,0,0,0,0,0,0,0,0","0,0,-3,-1,0,0,0,0,0,-2","+0.0000,+0.0000,-0.0150,-0.0050,+0.0000,+0.0000,+0.0000,+0.0000,+0.0000,-0.0100","1.0000,0.9558,0.8591,0.8595,0.9647,0.9577,0.8115,0.9512,0.8544,0.8654",662.197345,0.183944,659.937987,0.183316,678.418730,0.188450,694.031051,0.192786,700.952063,0.194709
18,20,80,"2,3,4,5,6,7,8,9,10,11","0,0,0,0,0,0,0,0,0,0","0,-12,-5,-3,-13,0,0,0,0,0","+0.0000,-0.0600,-0.0250,-0.0150,-0.0650,+0.0000,+0.0000,+0.0000,+0.0000,+0.0000","1.0000,0.8536,0.8587,0.8721,0.8452,0.9101,0.9646,0.9345,0.9569,0.8816",673.183597,0.186995,670.207538,0.186169,689.093112,0.191415,706.225308,0.196174,712.906637,0.198030
19,20,90,"2,3,4,5,6,7,8,9,10,11","0,0,0,0,0,0,0,0,0,0","0,2,0,-5,4,1,14,2,0,1","+0.0000,+0.0100,+0.0000,-0.0250,+0.0200,+0.0050,+0.0700,+0.0100,+0.0000,+0.0050","1.0000,0.8895,0.9648,0.8866,0.9338,0.9716,0.7974,0.8175,0.9922,0.9746",672.436926,0.186788,670.002094,0.186112,688.241420,0.191178,703.534889,0.195426,709.478013,0.197077
20,20,100,"2,3,4,5,6,7,8,9,10,11","0,0,0,0,0,0,0,0,0,0","0,0,0,0,-6,-16,0,-7,0,0","+0.0000,+0.0000,+0.0000,+0.0000,-0.0300,-0.0800,+0.0000,-0.0350,+0.0000,+0.0000","1.0000,0.9332,0.8571,0.8641,0.7959,0.6225,0.8412,0.7960,0.9473,0.8568",660.925874,0.183591,659.056225,0.183071,676.548935,0.187930,690.563637,0.191823,698.971550,0.194159
21,30,10,"2,3,4,5,6,7,8,9,10,11","0,0,0,0,0,0,0,0,0,0","0,-20,-3,-11,-19,-3,-20,-18,7,-14","+0.0000,-0.1000,-0.0150,-0.0550,-0.0950,-0.0150,-0.1000,-0.0900,+0.0350,-0.0700","1.0000,0.9447,0.9944,0.9886,1.0126,0.9893,0.9364,1.0036,0.9691,0.9446",655.651682,0.182125,653.990169,0.181664,672.047607,0.186680,686.508546,0.190697,694.143825,0.192818
22,30,20,"2,3,4,5,6,7,8,9,10,11","0,0,0,0,0,0,0,0,0,0","0,-1,17,17,3,-4,-1,6,19,13","+0.0000,-0.0050,+0.0850,+0.0850,+0.0150,-0.0200,-0.0050,+0.0300,+0.0950,+0.0650","1.0000,0.9451,1.0036,1.0032,0.9942,0.9911,0.7779,0.9970,0.9793,0.9490",602.867115,0.167463,600.099269,0.166694,619.911580,0.172198,638.714911,0.177421,645.752863,0.179376
23,30,30,"2,3,4,5,6,7,8,9,10,11","0,0,0,0,0,0,0,0,0,0","0,2,1,-2,6,1,-3,11,7,-5","+0.0000,+0.0100,+0.0050,-0.0100,+0.0300,+0.0050,-0.0150,+0.0550,+0.0350,-0.0250","1.0000,0.9681,0.9498,0.9974,0.9579,0.9511,0.9819,0.9712,0.9522,0.9778",583.545191,0.162096,579.501875,0.160973,599.590905,0.166553,617.574648,0.171549,627.259575,0.174239
24,30,40,"2,3,4,5,6,7,8,9,10,11","0,0,0,0,0,0,0,0,0,0","0,0,-2,-6,8,0,-1,7,2,-5","+0.0000,+0.0000,-0.0100,-0.0300,+0.0400,+0.0000,-0.0050,+0.0350,+0.0100,-0.0250","1.0000,0.9225,0.9365,0.9981,0.9124,0.9169,0.9983,0.9773,0.9182,0.9589",564.850865,0.156903,560.445925,0.155679,581.902700,0.161640,600.862685,0.166906,615.210350,0.170892
25,30,50,"2,3,4,5,6,7,8,9,10,11","0,0,0,0,0,0,0,0,0,0","0,3,12,15,4,19,-2,5,20,-5","+0.0000,+0.0150,+0.0600,+0.0750,+0.0200,+0.0950,-0.0100,+0.0250,+0.1000,-0.0250","1.0000,0.9610,0.9666,0.9830,0.9708,0.9175,0.9976,0.9719,0.9221,0.9752",565.094449,0.156971,559.884625,0.155524,582.009995,0.161669,600.643205,0.166845,617.032850,0.171398
26,30,60,"2,3,4,5,6,7,8,9,10,11","0,0,0,0,0,0,0,0,0,0","0,-3,-6,-6,3,9,-5,0,-2,10","+0.0000,-0.0150,-0.0300,-0.0300,+0.0150,+0.0450,-0.0250,+0.0000,-0.0100,+0.0500","1.0000,0.9422,0.9310,0.9876,0.9378,0.8759,0.9539,0.9861,0.9274,0.8796",565.777582,0.157160,559.634063,0.155454,582.741415,0.161873,603.139448,0.167539,619.645275,0.172124
27,30,70,"2,3,4,5,6,7,8,9,10,11","0,0,0,0,0,0,0,0,0,0","0,2,15,11,6,-2,16,20,2,16","+0.0000,+0.0100,+0.0750,+0.0550,+0.0300,-0.0100,+0.0800,+0.1000,+0.0100,+0.0800","1.0000,0.9007,0.8994,0.9391,0.8654,0.9214,0.8396,0.9068,0.8967,0.8092",555.453608,0.154293,550.373731,0.152882,573.182645,0.159217,590.143137,0.163929,606.868325,0.168575
28,30,80,"2,3,4,5,6,7,8,9,10,11","0,0,0,0,0,0,0,0,0,0","0,-3,5,-8,-1,6,-6,0,12,6","+0.0000,-0.0150,+0.0250,-0.0400,-0.0050,+0.0300,-0.0300,+0.0000,+0.0600,+0.0300","1.0000,0.9092,0.8427,0.9403,0.9077,0.8891,0.9322,0.9969,0.8601,0.8846",555.638229,0.154344,549.752150,0.152709,573.444730,0.159290,591.695190,0.164360,610.416575,0.169560
29,30,90,"2,3,4,5,6,7,8,9,10,11","0,0,0,0,0,0,0,0,0,0","0,3,5,6,3,-5,7,0,0,-4","+0.0000,+0.0150,+0.0250,+0.0300,+0.0150,-0.0250,+0.0350,+0.0000,+0.0000,-0.0200","1.0000,0.8640,0.9021,0.8356,0.8518,0.8813,0.8907,0.9580,0.8929,0.9363",556.504694,0.154585,550.816450,0.153005,574.485312,0.159579,595.402294,0.165390,610.901000,0.169695
30,30,100,"2,3,4,5,6,7,8,9,10,11","0,0,0,0,0,0,0,0,0,0","0,-11,0,-3,-13,0,-16,-8,0,-1","+0.0000,-0.0550,+0.0000,-0.0150,-0.0650,+0.0000,-0.0800,-0.0400,+0.0000,-0.0050","1.0000,0.9304,0.8075,0.8388,0.9350,0.9126,0.7938,0.8530,0.8842,0.9808",545.658979,0.151572,540.283125,0.150079,562.788923,0.156330,580.365136,0.161213,595.124200,0.165312
31,40,10,"2,3,4,5,6,7,8,9,10,11","0,0,0,0,0,0,0,0,0,0","0,6,20,20,8,20,-9,15,-6,20","+0.0000,+0.0300,+0.1000,+0.1000,+0.0400,+0.1000,-0.0450,+0.0750,-0.0300,+0.1000","1.0000,1.0001,0.9580,0.9662,0.9906,0.9731,0.9778,0.9519,0.9665,1.0162",632.697586,0.175749,632.194162,0.175609,651.491632,0.180970,664.752755,0.184654,677.393237,0.188165
32,40,20,"2,3,4,5,6,7,8,9,10,11","0,0,0,0,0,0,0,0,0,0","0,-16,13,-7,4,-3,-6,7,-3,-3","+0.0000,-0.0800,+0.0650,-0.0350,+0.0200,-0.0150,-0.0300,+0.0350,-0.0150,-0.0150","1.0000,1.0166,0.9474,0.9418,0.9835,0.9466,0.9717,0.9510,0.9573,1.0022",557.646654,0.154902,553.007763,0.153613,574.953465,0.159709,590.712335,0.164087,601.291750,0.167025
33,40,30,"2,3,4,5,6,7,8,9,10,11","0,0,0,0,0,0,0,0,0,0","0,6,-8,-5,2,-2,-3,-13,1,-6","+0.0000,+0.0300,-0.0400,-0.0250,+0.0100,-0.0100,-0.0150,-0.0650,+0.0050,-0.0300","1.0000,1.0037,0.9616,0.9544,0.9693,0.9508,0.9832,0.9802,0.9738,1.0042",531.849050,0.147736,526.716175,0.146310,549.186440,0.152552,565.944555,0.157207,579.519825,0.160978
34,40,40,"2,3,4,5,6,7,8,9,10,11","0,0,0,0,0,0,0,0,0,0","0,8,15,13,6,18,-1,8,1,14","+0.0000,+0.0400,+0.0750,+0.0650,+0.0300,+0.0900,-0.0050,+0.0400,+0.0050,+0.0700","1.0000,1.0057,0.9637,0.9433,0.9458,0.9324,0.9962,0.9473,0.9579,1.0011",521.078619,0.144744,517.852606,0.143848,538.436615,0.149566,553.923806,0.153868,567.922763,0.157756
35,40,50,"2,3,4,5,6,7,8,9,10,11","0,0,0,0,0,0,0,0,0,0","0,-17,-5,-6,3,-20,-1,-13,0,-9","+0.0000,-0.0850,-0.0250,-0.0300,+0.0150,-0.1000,-0.0050,-0.0650,+0.0000,-0.0450","1.0000,1.0089,0.9598,0.9753,0.9514,0.9914,0.9967,0.9912,0.9757,0.9633",506.965536,0.140824,500.690525,0.139081,525.153860,0.145876,542.356848,0.150655,558.970925,0.155270
36,40,60,"2,3,4,5,6,7,8,9,10,11","0,0,0,0,0,0,0,0,0,0","0,-15,-2,-4,-15,0,-2,-11,3,-6","+0.0000,-0.0750,-0.0100,-0.0200,-0.0750,+0.0000,-0.0100,-0.0550,+0.0150,-0.0300","1.0000,0.9961,0.9520,0.9916,0.9614,0.9969,0.9900,0.9950,0.9946,0.9886",496.723591,0.137979,491.596513,0.136555,511.368165,0.142047,531.764430,0.147712,551.071487,0.153075
37,40,70,"2,3,4,5,6,7,8,9,10,11","0,0,0,0,0,0,0,0,0,0","0,3,-8,-12,2,-5,7,2,-1,9","+0.0000,+0.0150,-0.0400,-0.0600,+0.0100,-0.0250,+0.0350,+0.0100,-0.0050,+0.0450","1.0000,0.9564,0.9652,0.9061,0.8506,0.9618,0.9138,0.8653,0.9474,0.9270",490.520576,0.136256,484.974556,0.134715,507.917700,0.141088,526.795665,0.146332,543.484150,0.150968
38,40,80,"2,3,4,5,6,7,8,9,10,11","0,0,0,0,0,0,0,0,0,0","0,7,-1,14,20,0,14,6,0,-2","+0.0000,+0.0350,-0.0050,+0.0700,+0.1000,+0.0000,+0.0700,+0.0300,+0.0000,-0.0100","1.0000,0.9171,0.9643,0.9091,0.8440,0.9781,0.8625,0.9390,0.9869,0.9527",516.338463,0.143427,512.444337,0.142346,540.173165,0.150048,554.168625,0.153936,559.544538,0.155429
39,40,90,"2,3,4,5,6,7,8,9,10,11","0,0,0,0,0,0,0,0,0,0","0,-17,0,-4,-15,-16,-16,-16,0,0","+0.0000,-0.0850,+0.0000,-0.0200,-0.0750,-0.0800,-0.0800,-0.0800,+0.0000,+0.0000","1.0000,0.9115,0.9678,0.8709,0.9070,0.8353,0.9079,0.9038,0.9973,0.9692",496.434318,0.137898,491.258300,0.136461,520.329073,0.144536,531.852051,0.147737,543.786225,0.151052
40,40,100,"2,3,4,5,6,7,8,9,10,11","0,0,0,0,0,0,0,0,0,0","0,4,-5,-6,0,-6,0,6,0,-6","+0.0000,+0.0200,-0.0250,-0.0300,+0.0000,-0.0300,+0.0000,+0.0300,+0.0000,-0.0300","1.0000,0.9783,0.9712,0.9693,0.9420,0.9682,0.8865,0.9690,0.9990,0.9675",492.992918,0.136942,487.217356,0.135338,509.303505,0.141473,527.202763,0.146445,546.566900,0.151824
41,50,10,"2,3,4,5,6,7,8,9,10,11","0,0,0,0,0,0,0,0,0,0","0,4,17,16,-20,20,-13,5,-3,17","+0.0000,+0.0200,+0.0850,+0.0800,-0.1000,+0.1000,-0.0650,+0.0250,-0.0150,+0.0850","1.0000,1.0000,1.0114,1.0076,1.0214,0.9760,0.9531,0.9996,1.0007,1.0109",608.267289,0.168963,604.992487,0.168053,626.698860,0.174083,636.453536,0.176793,648.785638,0.180218
42,50,20,"2,3,4,5,6,7,8,9,10,11","0,0,0,0,0,0,0,0,0,0","0,3,14,14,-2,-6,15,3,20,15","+0.0000,+0.0150,+0.0700,+0.0700,-0.0100,-0.0300,+0.0750,+0.0150,+0.1000,+0.0750","1.0000,1.0028,1.0115,1.0074,1.0008,0.9485,0.9667,1.0022,1.0285,1.0140",540.587094,0.150163,538.310575,0.149531,558.070170,0.155019,568.472872,0.157909,579.309125,0.160919
43,50,30,"2,3,4,5,6,7,8,9,10,11","0,0,0,0,0,0,0,0,0,0","0,5,-5,17,3,3,-2,4,3,18","+0.0000,+0.0250,-0.0250,+0.0850,+0.0150,+0.0150,-0.0100,+0.0200,+0.0150,+0.0900","1.0000,0.9877,0.9672,0.9892,0.9771,0.9935,1.0005,0.9828,0.9790,0.9932",511.295717,0.142027,507.323525,0.140923,527.741377,0.146595,538.750067,0.149653,552.476275,0.153466
44,50,40,"2,3,4,5,6,7,8,9,10,11","0,0,0,0,0,0,0,0,0,0","0,3,-12,10,-4,14,-3,2,-1,-10","+0.0000,+0.0150,-0.0600,+0.0500,-0.0200,+0.0700,-0.0150,+0.0100,-0.0050,-0.0500","1.0000,0.9827,1.0043,0.9948,0.9860,0.9700,1.0016,0.9821,0.9837,0.9991",506.011743,0.140559,501.017550,0.139172,524.633715,0.145732,535.522055,0.148756,546.680000,0.151856
45,50,50,"2,3,4,5,6,7,8,9,10,11","0,0,0,0,0,0,0,0,0,0","0,2,13,12,20,18,16,20,20,15","+0.0000,+0.0100,+0.0650,+0.0600,+0.1000,+0.0900,+0.0800,+0.1000,+0.1000,+0.0750","1.0000,0.9949,0.9898,0.9807,0.8788,1.0314,1.0303,1.0287,1.0287,1.0049",506.869257,0.140797,503.151462,0.139764,526.550515,0.146264,537.110378,0.149197,550.047525,0.152791
46,50,60,"2,3,4,5,6,7,8,9,10,11","0,0,0,0,0,0,0,0,0,0","0,2,11,9,0,-4,-7,-1,-2,-6","+0.0000,+0.0100,+0.0550,+0.0450,+0.0000,-0.0200,-0.0350,-0.0050,-0.0100,-0.0300","1.0000,0.9937,0.9172,0.9170,0.9152,1.0015,1.0030,0.9851,0.9831,0.9610",487.788003,0.135497,483.628850,0.134341,510.436222,0.141788,519.600386,0.144333,531.894375,0.147748
47,50,70,"2,3,4,5,6,7,8,9,10,11","0,0,0,0,0,0,0,0,0,0","0,-1,8,8,20,16,13,15,16,8","+0.0000,-0.0050,+0.0400,+0.0400,+0.1000,+0.0800,+0.0650,+0.0750,+0.0800,+0.0400","1.0000,0.9921,0.9763,0.9764,0.9118,1.0170,1.0112,0.9552,0.9612,1.0023",488.813580,0.135782,486.793556,0.135220,508.761583,0.141323,519.612324,0.144337,533.738750,0.148261
48,50,80,"2,3,4,5,6,7,8,9,10,11","0,0,0,0,0,0,0,0,0,0","0,20,11,16,20,15,20,20,16,13","+0.0000,+0.1000,+0.0550,+0.0800,+0.1000,+0.0750,+0.1000,+0.1000,+0.0800,+0.0650","1.0000,0.7792,0.9125,0.9517,0.9500,0.8776,0.8397,0.8122,0.8783,0.8570",489.053599,0.135848,484.469088,0.134575,512.702550,0.142417,526.575745,0.146271,541.784800,0.150496
49,50,90,"2,3,4,5,6,7,8,9,10,11","0,0,0,0,0,0,0,0,0,0","0,-18,-15,-11,-4,-6,-9,-19,-20,-11","+0.0000,-0.0900,-0.0750,-0.0550,-0.0200,-0.0300,-0.0450,-0.0950,-0.1000,-0.0550","1.0000,0.8784,0.8628,0.8616,0.8889,0.8834,0.8737,0.8492,0.8245,0.8850",479.507733,0.133197,477.587531,0.132663,501.148950,0.139208,515.281966,0.143134,531.967238,0.147769
50,50,100,"2,3,4,5,6,7,8,9,10,11","0,0,0,0,0,0,0,0,0,0","0,0,4,0,0,17,14,2,19,4","+0.0000,+0.0000,+0.0200,+0.0000,+0.0000,+0.0850,+0.0700,+0.0100,+0.0950,+0.0200","1.0000,0.9500,0.8566,0.8893,0.9654,0.8364,0.8177,0.8730,0.8688,0.9387",477.931836,0.132759,471.259100,0.130905,499.744247,0.138818,514.431494,0.142898,526.110600,0.146142
51,60,10,"2,3,4,5,6,7,8,9,10,11","0,0,0,0,0,0,0,0,0,0","0,11,4,7,-2,15,12,-5,20,19","+0.0000,+0.0550,+0.0200,+0.0350,-0.0100,+0.0750,+0.0600,-0.0250,+0.1000,+0.0950","1.0000,0.9453,0.9511,0.9966,0.9995,0.9419,0.9533,0.9560,0.9723,0.9692",600.978931,0.166939,599.745375,0.166596,619.135280,0.171982,627.711707,0.174364,635.986500,0.176663
52,60,20,"2,3,4,5,6,7,8,9,10,11","0,0,0,0,0,0,0,0,0,0","0,8,5,-15,-3,-13,-9,-2,-6,13","+0.0000,+0.0400,+0.0250,-0.0750,-0.0150,-0.0650,-0.0450,-0.0100,-0.0300,+0.0650","1.0000,0.9902,0.9598,1.0168,1.0026,0.9600,0.9902,0.9589,0.9653,0.9677",536.056225,0.148905,534.409800,0.148447,559.957697,0.155544,571.398672,0.158722,582.781200,0.161884
53,60,30,"2,3,4,5,6,7,8,9,10,11","0,0,0,0,0,0,0,0,0,0","0,6,-10,-13,3,-3,-5,-14,19,14","+0.0000,+0.0300,-0.0500,-0.0650,+0.0150,-0.0150,-0.0250,-0.0700,+0.0950,+0.0700","1.0000,0.9834,0.9779,1.0169,0.9749,0.9798,0.9888,0.9944,0.9858,0.9705",514.242899,0.142845,512.215850,0.142282,537.728035,0.149369,546.186020,0.151718,557.404975,0.154835
54,60,40,"2,3,4,5,6,7,8,9,10,11","0,0,0,0,0,0,0,0,0,0","0,5,-11,9,2,-4,-6,7,-4,-8","+0.0000,+0.0250,-0.0550,+0.0450,+0.0100,-0.0200,-0.0300,+0.0350,-0.0200,-0.0400","1.0000,0.9804,0.9703,1.0077,0.9676,0.9772,0.9866,0.9665,0.9703,0.9758",496.122416,0.137812,493.930488,0.137203,522.083468,0.145023,531.461785,0.147628,543.422438,0.150951
55,60,50,"2,3,4,5,6,7,8,9,10,11","0,0,0,0,0,0,0,0,0,0","0,3,-13,12,-2,-7,-9,6,16,11","+0.0000,+0.0150,-0.0650,+0.0600,-0.0100,-0.0350,-0.0450,+0.0300,+0.0800,+0.0550","1.0000,0.9704,0.9374,1.0053,0.9530,0.9629,0.9753,0.9222,0.9417,0.9175",476.038625,0.132233,475.648525,0.132125,502.262978,0.139517,511.951160,0.142209,525.464250,0.145962
56,60,60,"2,3,4,5,6,7,8,9,10,11","0,0,0,0,0,0,0,0,0,0","0,-17,8,-9,-4,-7,12,5,-5,-13","+0.0000,-0.0850,+0.0400,-0.0450,-0.0200,-0.0350,+0.0600,+0.0250,-0.0250,-0.0650","1.0000,0.9822,0.9103,0.9823,0.9335,0.9634,0.9237,0.9143,0.9380,0.9636",476.067594,0.132241,473.652538,0.131570,504.497228,0.140138,516.377293,0.143438,530.029425,0.147230
57,60,70,"2,3,4,5,6,7,8,9,10,11","0,0,0,0,0,0,0,0,0,0","0,-1,3,7,0,-4,-5,4,-4,12","+0.0000,-0.0050,+0.0150,+0.0350,+0.0000,-0.0200,-0.0250,+0.0200,-0.0200,+0.0600","1.0000,0.9931,0.8808,0.9907,0.9360,0.9993,0.9970,0.9445,0.9618,0.9542",463.951517,0.128875,457.465294,0.127074,492.855693,0.136904,507.806716,0.141057,523.801075,0.145500
58,60,80,"2,3,4,5,6,7,8,9,10,11","0,0,0,0,0,0,0,0,0,0","0,5,-10,-11,0,-5,-6,-13,-1,11","+0.0000,+0.0250,-0.0500,-0.0550,+0.0000,-0.0250,-0.0300,-0.0650,-0.0050,+0.0550","1.0000,0.9099,0.9738,0.9444,0.9083,0.9971,0.9955,0.9897,0.9082,0.8021",463.519323,0.128755,457.759381,0.127155,490.083243,0.136134,505.087428,0.140302,525.087988,0.145858
59,60,90,"2,3,4,5,6,7,8,9,10,11","0,0,0,0,0,0,0,0,0,0","0,8,10,13,4,-5,-5,7,20,15","+0.0000,+0.0400,+0.0500,+0.0650,+0.0200,-0.0250,-0.0250,+0.0350,+0.1000,+0.0750","1.0000,0.9095,0.9310,0.9408,0.9732,0.9798,0.9725,0.9471,0.7637,0.7670",463.835350,0.128843,458.771313,0.127436,492.075168,0.136688,506.146862,0.140596,526.203813,0.146168
60,60,100,"2,3,4,5,6,7,8,9,10,11","0,0,0,0,0,0,0,0,0,0","0,8,9,12,4,14,14,7,20,17","+0.0000,+0.0400,+0.0450,+0.0600,+0.0200,+0.0700,+0.0700,+0.0350,+0.1000,+0.0850","1.0000,0.9350,0.9167,0.9736,0.9851,0.9186,0.9199,0.9444,0.7546,0.7572",465.315972,0.129254,459.036138,0.127510,494.646630,0.137402,511.283255,0.142023,529.344950,0.147040
61,70,10,"2,3,4,5,6,7,8,9,10,11","0,0,0,0,0,0,0,0,0,0","0,-15,15,-9,-20,-4,4,6,-5,-12","+0.0000,-0.0750,+0.0750,-0.0450,-0.1000,-0.0200,+0.0200,+0.0300,-0.0250,-0.0600","1.0000,0.9688,1.0061,0.9485,0.9946,0.9450,0.9625,0.9973,0.9290,0.9420",573.175983,0.159216,573.734663,0.159371,590.373992,0.163993,597.938280,0.166094,606.027125,0.168341
62,70,20,"2,3,4,5,6,7,8,9,10,11","0,0,0,0,0,0,0,0,0,0","0,20,15,20,3,20,20,6,20,20","+0.0000,+0.1000,+0.0750,+0.1000,+0.0150,+0.1000,+0.1000,+0.0300,+0.1000,+0.1000","1.0000,1.0039,1.0209,0.9184,1.0030,0.9814,0.9916,1.0050,0.9852,0.8912",526.118129,0.146144,526.231225,0.146175,559.004065,0.155279,573.556700,0.159321,586.207400,0.162835
63,70,30,"2,3,4,5,6,7,8,9,10,11","0,0,0,0,0,0,0,0,0,0","0,20,15,10,2,15,16,5,18,14","+0.0000,+0.1000,+0.0750,+0.0500,+0.0100,+0.0750,+0.0800,+0.0250,+0.0900,+0.0700","1.0000,0.9980,1.0159,0.9745,1.0012,0.9774,0.9807,1.0025,0.9910,0.9833",488.565776,0.135713,484.339725,0.134539,513.505010,0.142640,525.847749,0.146069,535.287287,0.148691
64,70,40,"2,3,4,5,6,7,8,9,10,11","0,0,0,0,0,0,0,0,0,0","0,10,15,18,-2,20,20,6,20,18","+0.0000,+0.0500,+0.0750,+0.0900,-0.0100,+0.1000,+0.1000,+0.0300,+0.1000,+0.0900","1.0000,0.9652,1.0151,1.0041,1.0018,1.0043,1.0033,1.0080,0.9928,0.9821",481.842492,0.133845,481.442050,0.133734,508.538275,0.141261,517.517855,0.143755,527.459825,0.146517
65,70,50,"2,3,4,5,6,7,8,9,10,11","0,0,0,0,0,0,0,0,0,0","0,9,16,-13,-2,-3,-6,5,-3,13","+0.0000,+0.0450,+0.0800,-0.0650,-0.0100,-0.0150,-0.0300,+0.0250,-0.0150,+0.0650","1.0000,0.9884,1.0168,0.9771,1.0020,0.9477,0.9476,0.9974,0.9380,0.9643",462.892500,0.128581,466.034638,0.129454,488.080685,0.135578,497.008763,0.138058,505.155425,0.140321
66,70,60,"2,3,4,5,6,7,8,9,10,11","0,0,0,0,0,0,0,0,0,0","0,11,15,8,9,-2,-6,6,-2,15","+0.0000,+0.0550,+0.0750,+0.0400,+0.0450,-0.0100,-0.0300,+0.0300,-0.0100,+0.0750","1.0000,0.9707,0.9921,0.8911,0.9616,0.9551,0.9268,0.9993,0.9248,0.9535",456.654488,0.126848,460.233913,0.127843,484.742510,0.134651,493.419308,0.137061,506.879325,0.140800
67,70,70,"2,3,4,5,6,7,8,9,10,11","0,0,0,0,0,0,0,0,0,0","0,0,-12,-13,-2,-20,-6,-19,0,9","+0.0000,+0.0000,-0.0600,-0.0650,-0.0100,-0.1000,-0.0300,-0.0950,+0.0000,+0.0450","1.0000,0.9727,0.9974,0.9800,0.9835,0.9539,0.9502,1.0155,0.9523,0.9055",443.740624,0.123261,439.039625,0.121955,475.066153,0.131963,489.155864,0.135877,506.969163,0.140825
68,70,80,"2,3,4,5,6,7,8,9,10,11","0,0,0,0,0,0,0,0,0,0","0,1,6,20,-1,20,19,1,12,7","+0.0000,+0.0050,+0.0300,+0.1000,-0.0050,+0.1000,+0.0950,+0.0050,+0.0600,+0.0350","1.0000,0.9640,0.9699,0.8773,0.9589,1.0076,1.0032,0.9799,0.8918,0.9521",460.651151,0.127959,467.861156,0.129961,492.643120,0.136845,503.595304,0.139888,519.644162,0.144346
69,70,90,"2,3,4,5,6,7,8,9,10,11","0,0,0,0,0,0,0,0,0,0","0,2,16,8,6,-2,18,0,-2,12","+0.0000,+0.0100,+0.0800,+0.0400,+0.0300,-0.0100,+0.0900,+0.0000,-0.0100,+0.0600","1.0000,0.9527,0.8425,0.8985,0.9053,1.0034,1.0038,0.9418,0.9223,0.9203",439.461250,0.122073,431.940688,0.119984,473.270205,0.131464,489.334685,0.135926,510.121650,0.141700
70,70,100,"2,3,4,5,6,7,8,9,10,11","0,0,0,0,0,0,0,0,0,0","0,1,8,12,19,0,-1,2,20,3","+0.0000,+0.0050,+0.0400,+0.0600,+0.0950,+0.0000,-0.0050,+0.0100,+0.1000,+0.0150","1.0000,0.9808,0.8827,0.9817,0.9177,0.9930,0.9858,0.9801,0.9168,0.9082",455.125084,0.126424,457.796038,0.127166,487.611815,0.135448,497.925015,0.138313,509.995375,0.141665
71,80,10,"2,3,4,5,6,7,8,9,10,11","0,0,0,0,0,0,0,0,0,0","0,10,18,15,3,8,-4,13,-4,11","+0.0000,+0.0500,+0.0900,+0.0750,+0.0150,+0.0400,-0.0200,+0.0650,-0.0200,+0.0550","1.0000,0.9910,0.9715,1.0078,0.9614,0.9803,0.9963,0.9583,0.9737,0.9511",554.376813,0.153994,553.706275,0.153807,570.155830,0.158377,577.771778,0.160492,586.623350,0.162951
72,80,20,"2,3,4,5,6,7,8,9,10,11","0,0,0,0,0,0,0,0,0,0","0,8,12,-8,-2,4,2,9,-3,11","+0.0000,+0.0400,+0.0600,-0.0400,-0.0100,+0.0200,+0.0100,+0.0450,-0.0150,+0.0550","1.0000,0.9946,0.9776,1.0084,0.9589,0.9800,0.9710,0.9661,0.9624,0.9682",497.912827,0.138309,497.560938,0.138211,519.467925,0.144297,528.501533,0.146806,539.262937,0.149795
73,80,30,"2,3,4,5,6,7,8,9,10,11","0,0,0,0,0,0,0,0,0,0","0,9,15,-9,2,4,3,12,3,15","+0.0000,+0.0450,+0.0750,-0.0450,+0.0100,+0.0200,+0.0150,+0.0600,+0.0150,+0.0750","1.0000,1.0067,0.9877,1.0157,0.9712,0.9820,0.9721,0.9768,0.9744,0.9943",479.081940,0.133078,479.457088,0.133183,503.907240,0.139974,512.167148,0.142269,525.489975,0.145969
74,80,40,"2,3,4,5,6,7,8,9,10,11","0,0,0,0,0,0,0,0,0,0","0,3,-20,9,-2,-9,-11,-20,-15,-20","+0.0000,+0.0150,-0.1000,+0.0450,-0.0100,-0.0450,-0.0550,-0.1000,-0.0750,-0.1000","1.0000,0.9920,1.0379,1.0074,0.9898,1.0023,1.0098,1.0370,0.9987,1.0308",463.174192,0.128659,463.250475,0.128681,487.456103,0.135404,497.186161,0.138107,513.097350,0.142527
75,80,50,"2,3,4,5,6,7,8,9,10,11","0,0,0,0,0,0,0,0,0,0","0,5,3,9,2,-8,-11,-2,-14,2","+0.0000,+0.0250,+0.0150,+0.0450,+0.0100,-0.0400,-0.0550,-0.0100,-0.0700,+0.0100","1.0000,1.0004,0.9955,1.0150,1.0041,1.0030,1.0181,0.9902,1.0141,0.9750",458.228388,0.127286,458.276725,0.127299,482.955807,0.134154,493.824613,0.137174,501.353063,0.139265
76,80,60,"2,3,4,5,6,7,8,9,10,11","0,0,0,0,0,0,0,0,0,0","0,0,13,9,0,4,2,10,-4,9","+0.0000,+0.0000,+0.0650,+0.0450,+0.0000,+0.0200,+0.0100,+0.0500,-0.0200,+0.0450","1.0000,0.9976,0.9515,0.9687,0.9996,0.9461,0.9335,0.9493,0.9160,0.9452",437.009526,0.121392,441.092525,0.122526,463.063900,0.128629,472.514657,0.131254,480.521375,0.133478
77,80,70,"2,3,4,5,6,7,8,9,10,11","0,0,0,0,0,0,0,0,0,0","0,6,6,5,2,18,16,3,12,5","+0.0000,+0.0300,+0.0300,+0.0250,+0.0100,+0.0900,+0.0800,+0.0150,+0.0600,+0.0250","1.0000,0.9968,0.9654,0.9964,0.9886,0.8728,0.8645,0.9490,0.8544,0.8975",430.898667,0.119694,426.633556,0.118509,468.826845,0.130230,483.976583,0.134438,500.835125,0.139121
78,80,80,"2,3,4,5,6,7,8,9,10,11","0,0,0,0,0,0,0,0,0,0","0,5,13,7,1,7,4,11,2,13","+0.0000,+0.0250,+0.0650,+0.0350,+0.0050,+0.0350,+0.0200,+0.0550,+0.0100,+0.0650","1.0000,0.9787,0.9787,0.8892,0.9561,1.0124,1.0085,0.9755,1.0032,0.9850",446.335922,0.123982,448.082150,0.124467,478.184417,0.132829,488.538904,0.135705,503.476875,0.139855
79,80,90,"2,3,4,5,6,7,8,9,10,11","0,0,0,0,0,0,0,0,0,0","0,4,-6,-5,-7,1,-2,-11,-1,-6","+0.0000,+0.0200,-0.0300,-0.0250,-0.0350,+0.0050,-0.0100,-0.0550,-0.0050,-0.0300","1.0000,0.8161,0.9335,0.9333,0.9317,0.9394,0.9402,0.9234,0.9383,0.9455",438.550269,0.121820,438.832188,0.121898,463.757968,0.128822,475.648475,0.132125,504.103563,0.140029
80,80,100,"2,3,4,5,6,7,8,9,10,11","0,0,0,0,0,0,0,0,0,0","0,-7,-8,-6,-15,0,-3,-12,0,-7","+0.0000,-0.0350,-0.0400,-0.0300,-0.0750,+0.0000,-0.0150,-0.0600,+0.0000,-0.0350","1.0000,0.8017,0.7544,0.7817,0.7344,0.8254,0.7985,0.7212,0.8071,0.8160",410.402969,0.114001,404.228069,0.112286,440.713333,0.122420,458.622124,0.127395,491.262975,0.136462
81,90,10,"2,3,4,5,6,7,8,9,10,11","0,0,0,0,0,0,0,0,0,0","0,12,-12,-14,8,-20,-7,-20,-8,-13","+0.0000,+0.0600,-0.0600,-0.0700,+0.0400,-0.1000,-0.0350,-0.1000,-0.0400,-0.0650","1.0000,0.9978,0.9892,0.9554,0.9410,1.0197,0.9930,0.9739,0.9806,1.0041",541.277573,0.150355,538.412881,0.149559,556.542380,0.154595,563.635530,0.156565,575.498725,0.159861
82,90,20,"2,3,4,5,6,7,8,9,10,11","0,0,0,0,0,0,0,0,0,0","0,-13,-10,-13,2,-20,-3,-19,-7,-11","+0.0000,-0.0650,-0.0500,-0.0650,+0.0100,-0.1000,-0.0150,-0.0950,-0.0350,-0.0550","1.0000,1.0112,0.9974,0.9666,0.9447,1.0382,1.0046,0.9822,0.9722,1.0040",482.816627,0.134116,481.195025,0.133665,502.799155,0.139666,510.737717,0.141872,526.027650,0.146119
83,90,30,"2,3,4,5,6,7,8,9,10,11","0,0,0,0,0,0,0,0,0,0","0,-16,14,14,9,2,-4,9,20,13","+0.0000,-0.0800,+0.0700,+0.0700,+0.0450,+0.0100,-0.0200,+0.0450,+0.1000,+0.0650","1.0000,1.0249,1.0146,1.0080,0.9962,1.0027,1.0082,1.0044,1.0245,1.0138",464.434999,0.129010,462.508700,0.128475,485.792385,0.134942,493.166715,0.136991,506.174375,0.140604
84,90,40,"2,3,4,5,6,7,8,9,10,11","0,0,0,0,0,0,0,0,0,0","0,3,-13,-14,2,-2,19,4,-7,9","+0.0000,+0.0150,-0.0650,-0.0700,+0.0100,-0.0100,+0.0950,+0.0200,-0.0350,+0.0450","1.0000,1.0063,1.0238,1.0177,0.9785,1.0028,1.0554,0.9828,0.9935,1.0001",449.032621,0.124731,446.937600,0.124149,481.741293,0.133817,492.618415,0.136838,503.606312,0.139891
85,90,50,"2,3,4,5,6,7,8,9,10,11","0,0,0,0,0,0,0,0,0,0","0,5,-9,-10,-16,-3,-7,-14,2,-9","+0.0000,+0.0250,-0.0450,-0.0500,-0.0800,-0.0150,-0.0350,-0.0700,+0.0100,-0.0450","1.0000,1.0070,0.9999,1.0075,1.0318,1.0047,1.0060,1.0220,0.9835,1.0045",433.578325,0.120438,433.409350,0.120391,455.460083,0.126517,464.100785,0.128917,476.033188,0.132231
86,90,60,"2,3,4,5,6,7,8,9,10,11","0,0,0,0,0,0,0,0,0,0","0,5,5,3,-6,-4,-8,3,11,5","+0.0000,+0.0250,+0.0250,+0.0150,-0.0300,-0.0200,-0.0400,+0.0150,+0.0550,+0.0250","1.0000,1.0048,0.9222,0.9509,0.9341,0.9964,1.0039,0.9540,0.8802,0.9604",427.116263,0.118643,425.021244,0.118061,467.773435,0.129937,482.396864,0.133999,498.711262,0.138531
87,90,70,"2,3,4,5,6,7,8,9,10,11","0,0,0,0,0,0,0,0,0,0","0,5,11,5,3,16,14,6,1,7","+0.0000,+0.0250,+0.0550,+0.0250,+0.0150,+0.0800,+0.0700,+0.0300,+0.0050,+0.0350","1.0000,1.0088,0.9829,0.9236,0.9973,0.9933,0.9595,0.9767,0.9940,0.9125",439.911852,0.122198,439.183138,0.121995,467.453665,0.129848,483.769446,0.134380,499.094663,0.138637
88,90,80,"2,3,4,5,6,7,8,9,10,11","0,0,0,0,0,0,0,0,0,0","0,4,15,11,2,20,17,7,0,15","+0.0000,+0.0200,+0.0750,+0.0550,+0.0100,+0.1000,+0.0850,+0.0350,+0.0000,+0.0750","1.0000,0.9870,0.9997,0.9800,0.9918,0.8789,0.8247,0.9814,0.9823,0.9980",425.006347,0.118057,426.689894,0.118525,454.937395,0.126371,475.266543,0.132018,486.647875,0.135180
89,90,90,"2,3,4,5,6,7,8,9,10,11","0,0,0,0,0,0,0,0,0,0","0,-17,-9,-13,-19,1,-4,-16,0,-9","+0.0000,-0.0850,-0.0450,-0.0650,-0.0950,+0.0050,-0.0200,-0.0800,+0.0000,-0.0450","1.0000,1.0100,0.9974,1.0142,1.0157,0.8870,0.8319,1.0053,0.9995,0.9985",429.160233,0.119211,430.181788,0.119495,463.863578,0.128851,488.711645,0.135753,502.290575,0.139525
90,90,100,"2,3,4,5,6,7,8,9,10,11","0,0,0,0,0,0,0,0,0,0","0,-13,-5,-10,-19,1,0,-12,0,-4","+0.0000,-0.0650,-0.0250,-0.0500,-0.0950,+0.0050,+0.0000,-0.0600,+0.0000,-0.0200","1.0000,0.9304,0.9688,0.9420,0.9125,0.9122,0.8702,0.9281,0.9978,0.9667",419.851150,0.116625,421.702175,0.117139,452.400005,0.125667,471.245824,0.130902,489.025575,0.135840
91,100,10,"2,3,4,5,6,7,8,9,10,11","0,0,0,0,0,0,0,0,0,0","0,6,-8,-10,8,-20,-10,13,-2,-13","+0.0000,+0.0300,-0.0400,-0.0500,+0.0400,-0.1000,-0.0500,+0.0650,-0.0100,-0.0650","1.0000,1.0048,1.0006,0.9984,0.9773,0.9641,0.9452,1.0015,1.0014,1.0042",535.843908,0.148846,534.174225,0.148382,549.272418,0.152576,557.220010,0.154783,568.303300,0.157862
92,100,20,"2,3,4,5,6,7,8,9,10,11","0,0,0,0,0,0,0,0,0,0","0,7,14,10,6,2,-5,10,20,12","+0.0000,+0.0350,+0.0700,+0.0500,+0.0300,+0.0100,-0.0250,+0.0500,+0.1000,+0.0600","1.0000,1.0096,1.0188,1.0037,0.9623,0.9622,0.9789,1.0033,1.0414,1.0101",480.882679,0.133579,480.859300,0.133572,499.210965,0.138670,506.352048,0.140653,520.189550,0.144497
93,100,30,"2,3,4,5,6,7,8,9,10,11","0,0,0,0,0,0,0,0,0,0","0,7,-10,-13,6,5,20,-13,19,15","+0.0000,+0.0350,-0.0500,-0.0650,+0.0300,+0.0250,+0.1000,-0.0650,+0.0950,+0.0750","1.0000,1.0124,1.0132,1.0171,0.9787,1.0031,1.0407,1.0182,1.0374,1.0266",456.073425,0.126687,452.908556,0.125808,475.323105,0.132034,485.028175,0.134730,515.594275,0.143221
94,100,40,"2,3,4,5,6,7,8,9,10,11","0,0,0,0,0,0,0,0,0,0","0,-15,-11,-13,9,-20,-4,10,-5,-8","+0.0000,-0.0750,-0.0550,-0.0650,+0.0450,-0.1000,-0.0200,+0.0500,-0.0250,-0.0400","1.0000,1.0403,1.0165,1.0216,0.9806,1.0441,0.9955,1.0113,0.9992,1.0125",439.098212,0.121972,435.680550,0.121022,466.006758,0.129446,482.350795,0.133986,508.445888,0.141235
95,100,50,"2,3,4,5,6,7,8,9,10,11","0,0,0,0,0,0,0,0,0,0","0,8,8,5,20,20,17,5,17,14","+0.0000,+0.0400,+0.0400,+0.0250,+0.1000,+0.1000,+0.0850,+0.0250,+0.0850,+0.0700","1.0000,1.0119,1.0197,1.0088,1.0239,1.0229,1.0148,1.0073,1.0158,1.0104",441.798798,0.122722,440.718800,0.122422,468.230060,0.130064,479.838428,0.133288,505.676325,0.140466
96,100,60,"2,3,4,5,6,7,8,9,10,11","0,0,0,0,0,0,0,0,0,0","0,7,10,7,7,-2,16,8,16,14","+0.0000,+0.0350,+0.0500,+0.0350,+0.0350,-0.0100,+0.0800,+0.0400,+0.0800,+0.0700","1.0000,1.0111,0.9670,0.9478,0.9133,0.9758,1.0286,0.9564,1.0288,1.0236",426.914163,0.118587,430.989825,0.119719,463.407040,0.128724,475.403892,0.132057,510.968850,0.141936
97,100,70,"2,3,4,5,6,7,8,9,10,11","0,0,0,0,0,0,0,0,0,0","0,0,7,3,5,-6,18,4,12,10","+0.0000,+0.0000,+0.0350,+0.0150,+0.0250,-0.0300,+0.0900,+0.0200,+0.0600,+0.0500","1.0000,0.9565,0.9594,0.9638,0.9553,0.9815,0.9906,0.9632,1.0052,1.0013",419.513399,0.116531,421.450556,0.117070,469.819455,0.130505,482.185000,0.133940,498.347500,0.138430
98,100,80,"2,3,4,5,6,7,8,9,10,11","0,0,0,0,0,0,0,0,0,0","0,3,8,2,6,-1,17,5,11,11","+0.0000,+0.0150,+0.0400,+0.0100,+0.0300,-0.0050,+0.0850,+0.0250,+0.0550,+0.0550","1.0000,0.9494,0.9190,0.9394,0.9534,1.0020,1.0016,0.9358,0.9991,0.9971",423.469030,0.117630,428.512450,0.119031,475.386735,0.132052,491.429843,0.136508,505.348050,0.140374
99,100,90,"2,3,4,5,6,7,8,9,10,11","0,0,0,0,0,0,0,0,0,0","0,4,8,5,-15,-1,-4,6,-5,-6","+0.0000,+0.0200,+0.0400,+0.0250,-0.0750,-0.0050,-0.0200,+0.0300,-0.0250,-0.0300","1.0000,0.9506,0.9419,0.9356,0.9948,1.0022,1.0009,0.9394,0.9954,0.9948",424.977076,0.118049,427.424775,0.118729,468.274180,0.130076,484.199451,0.134500,498.576862,0.138494
100,100,100,"2,3,4,5,6,7,8,9,10,11","0,0,0,0,0,0,0,0,0,0","0,0,3,-1,0,-2,-5,-1,-4,-16","+0.0000,+0.0000,+0.0150,-0.0050,+0.0000,-0.0100,-0.0250,-0.0050,-0.0200,-0.0800","1.0000,0.9513,0.9140,0.9252,0.9569,0.9232,0.9206,0.9200,0.9524,0.8053",429.153892,0.119209,427.725975,0.118813,480.861685,0.133573,495.558525,0.137655,518.921100,0.144145
