J1_Position,J2_Position,J3_Position,J4_Position,Error,MM_Step,Deg_step,Move_ID,Time,Time_Total,X,Y,Z,J1_Velocity,J2_Velocity,J3_Velocity,J4_Velocity,J1_Acceleration,J2_Acceleration,J3_Acceleration,J4_Acceleration
0.0,0.0,0.0,0.0,0.0,0.0,0.0,1.0,0.0,0.0,450.0,5.878304635907296e-14,300.0,0.0,0.0,0.0,0.0,0.0,0.0,0.0,0.0
1.0,-0.5,-0.9444444444444444,-0.5,0.0,5.7503446972166685,1.0,2.0,0.0,0.0,449.9600197973211,5.672115162050245,299.05555555555554,0.0,0.0,0.0,0.0,0.0,0.0,0.0,0.0
2.0,-1.0,-1.8888888888888888,-1.0,0.0,5.750243844956191,1.0,2.0,0.09933175838560555,0.09933175838560555,449.84008919291693,11.34300094982113,298.1111111111111,10.067273712381123,-5.033636856190562,-9.50798072835995,-5.033636856190562,101.35000000000001,-50.675000000000004,-95.71944444444445,-50.675000000000004
3.0,-1.5,-2.833333333333333,-1.5,0.0,5.750042142809201,1.0,2.0,0.022324303263473316,0.12165606164907887,449.64023819480406,17.011428325557112,297.16666666666663,44.794231121030535,-22.397115560515267,-42.30566272541772,-22.397115560515267,1555.5673562932254,-777.7836781466127,-1469.146947610268,-777.7836781466127
4.0,-2.0,-3.7777777777777777,-2.0,0.0,5.749739595523654,1.0,2.0,0.01882025823421192,0.1404763198832908,449.36051680673876,22.676168924450362,296.22222222222223,53.13423373661132,-26.56711686830566,-50.18233186235515,-26.56711686830566,443.13964834021925,-221.56982417010963,-418.520778987986,-221.56982417010963
5.0,-2.5,-4.722222222222222,-2.5,0.0,5.749336210221629,1.0,2.0,0.016580980360730968,0.15705730024402176,449.00099501381357,28.335995390865694,295.27777777777777,60.310064799806284,-30.155032399903142,-56.9595056442615,-30.155032399903142,432.774836413751,-216.3874182068755,-408.7317899463201,-216.3874182068755
6.0,-3.0,-5.666666666666667,-3.0,0.0,5.748831996399345,1.0,2.0,0.014990352085002934,0.1720476523290247,448.56176276229814,33.98968171426671,294.33333333333337,66.70957388655654,-33.35478694327827,-63.00348644841452,-33.35478694327827,426.9085242602562,-213.4542621301281,-403.19138402357544,-213.4542621301281
7.0,-3.5,-6.611111111111112,-3.5,0.0,5.748226965927454,1.0,2.0,0.013785051423348016,0.1858327037523727,448.0429299337311,39.63600356474377,293.3888888888889,72.54234817769922,-36.27117408884961,-68.51221772338262,-36.27117408884961,423.12314347000535,-211.56157173500267,-399.6163021661168,-211.56157173500267
8.0,-4.0,-7.555555555555556,-4.0,0.0,5.747521133051088,1.0,2.0,0.0128308130188384,0.1986635167712111,447.4446263132701,45.27373862804446,292.44444444444446,77.93738390013044,-38.96869195006522,-73.60752923901211,-38.96869195006522,420.47497025403936,-210.23748512701968,-397.11524968437107,-210.23748512701968
9.0,-4.5,-8.5,-4.5,0.0,5.746714514390245,1.0,2.0,0.012080721723397386,0.2107442384946085,446.7670015523096,50.901666940007466,291.5,82.77651144494504,-41.38825572247252,-78.17781636467026,-41.38825572247252,400.56609659689474,-200.28304829844737,-378.31242456372723,-200.28304829844737
10.0,-5.0,-9.444444444444445,-5.0,0.0,5.745807128939965,1.0,2.0,0.011904761904761918,0.2226490003993704,446.010225125378,56.51857122030066,290.55555555555554,83.9999999999999,-41.99999999999995,-79.33333333333326,-41.99999999999995,102.77303862460786,-51.38651931230393,-97.06342536769137,-51.38651931230393
11.0,-5.5,-10.38888888888889,-5.5,0.0,5.744798998070717,1.0,2.0,0.01190476190476189,0.2345537623041323,445.1744862813275,62.12323720536502,289.6111111111111,84.0000000000001,-42.00000000000005,-79.33333333333344,-42.00000000000005,1.6711965145077576e-11,-8.355982572538788e-12,-1.5518253349000607e-11,-8.355982572538788e-12
12.0,-6.0,-11.333333333333334,-6.0,0.0,5.743690145528642,1.0,2.0,0.01190476190476189,0.2464585242088942,444.2599939888295,67.71445398046528,288.66666666666663,84.0000000000001,-42.00000000000005,-79.33333333333344,-42.00000000000005,0.0,0.0,0.0,0.0
13.0,-6.5,-12.277777777777779,-6.5,0.0,5.742480597436201,1.0,2.0,0.011904761904761918,0.2583632861136561,443.2669768761939,73.29101431074973,287.72222222222223,83.9999999999999,-41.99999999999995,-79.33333333333326,-41.99999999999995,-1.6711965145077537e-11,8.355982572538768e-12,1.5518253349000572e-11,8.355982572538768e-12
14.0,-7.0,-13.222222222222223,-7.0,0.0,5.741170382292295,1.0,2.0,0.011904761904761918,0.27026804801841803,442.1956831655298,78.85171497122047,286.77777777777777,83.9999999999999,-41.99999999999995,-79.33333333333326,-41.99999999999995,0.0,0.0,0.0,0.0
15.0,-7.5,-14.166666666666668,-7.5,0.0,5.739759530972953,1.0,2.0,0.011904761904761918,0.28217280992317995,441.04638060126626,84.3953570755171,285.83333333333337,83.9999999999999,-41.99999999999995,-79.33333333333326,-41.99999999999995,0.0,0.0,0.0,0.0
16.0,-8.0,-15.111111111111112,-8.0,0.0,5.738248076731941,1.0,2.0,0.011904761904761862,0.2940775718279418,439.8193563730564,89.92074640341625,284.8888888888889,84.0000000000003,-42.00000000000015,-79.33333333333363,-42.00000000000015,3.342393029015523e-11,-1.6711965145077615e-11,-3.1036506698001286e-11,-1.6711965145077615e-11
17.0,-8.5,-16.055555555555557,-8.5,0.0,5.736636055201075,1.0,2.0,0.011904761904761918,0.3059823337327037,438.51491703308625,95.42669372695006,283.94444444444446,83.9999999999999,-41.99999999999995,-79.33333333333326,-41.99999999999995,-3.3423930290155074e-11,1.6711965145077537e-11,3.1036506698001144e-11,1.6711965145077537e-11
18.0,-9.0,-17.0,-9.0,0.0,5.73492350439086,1.0,2.0,0.011904761904761918,0.31788709563746564,437.1333884078151,100.91201513504724,283.0,83.9999999999999,-41.99999999999995,-79.33333333333312,-41.99999999999995,0.0,0.0,1.193711796076967e-11,0.0
19.0,-9.5,-17.944444444444443,-9.5,0.0,5.733110464691596,1.0,2.0,0.011904761904761862,0.3297918575422275,435.67511550417123,106.3755323566008,282.05555555555554,84.0000000000003,-42.00000000000015,-79.33333333333348,-42.00000000000015,3.342393029015523e-11,-1.6711965145077615e-11,-3.1036506698001286e-11,-1.6711965145077615e-11
20.0,-10.0,-18.888888888888886,-10.0,0.0,5.731196978873383,1.0,2.0,0.011904761904761973,0.3416966194469895,434.1404624102337,111.81607308186638,281.1111111111111,83.99999999999952,-41.99999999999976,-79.33333333333275,-41.99999999999976,-6.565414878423288e-11,3.282707439211644e-11,6.207301339600199e-11,3.282707439211644e-11
21.0,-10.5,-19.83333333333333,-10.5,0.0,5.7291830920874025,1.0,2.0,0.011904761904761862,0.35360138135175134,432.52981219042897,117.23247128209698,280.1666666666667,84.0000000000003,-42.00000000000015,-79.33333333333348,-42.00000000000015,6.565414878423349e-11,-3.2827074392116745e-11,-6.207301339600257e-11,-3.2827074392116745e-11
22.0,-11.0,-20.77777777777777,-11.0,0.0,5.727068851866401,1.0,2.0,0.011904761904761918,0.36550614325651326,430.8435667752735,122.62356752731867,279.22222222222223,83.9999999999999,-41.99999999999995,-79.33333333333312,-41.99999999999995,-3.3423930290155074e-11,1.6711965145077537e-11,3.1036506698001144e-11,1.6711965145077537e-11
23.0,-11.5,-21.722222222222214,-11.5,0.0,5.7248543081257335,1.0,2.0,0.011904761904761918,0.3774109051612752,429.08214684569555,127.9882093021541,278.27777777777777,83.9999999999999,-41.99999999999995,-79.33333333333312,-41.99999999999995,0.0,0.0,0.0,0.0
24.0,-12.0,-22.666666666666657,-12.0,0.0,5.7225395131641426,1.0,2.0,0.011904761904761862,0.38931566706603704,427.24599171197156,133.32525131959991,277.33333333333337,84.0000000000003,-42.00000000000015,-79.33333333333348,-42.00000000000015,3.342393029015523e-11,-1.6711965145077615e-11,-3.1036506698001286e-11,-1.6711965145077615e-11
25.0,-12.5,-23.6111111111111,-12.5,0.0,5.720124521664549,1.0,2.0,0.011904761904761973,0.401220428970799,425.3355591873133,138.63355583266565,276.3888888888889,83.99999999999952,-41.99999999999976,-79.33333333333275,-41.99999999999976,-6.565414878423288e-11,3.282707439211644e-11,6.207301339600199e-11,3.282707439211644e-11
26.0,-13.0,-24.555555555555543,-13.0,0.0,5.717609390695311,1.0,2.0,0.011904761904761862,0.4131251908755609,423.35132545614226,143.9119929437818,275.44444444444446,84.0000000000003,-42.00000000000015,-79.33333333333348,-42.00000000000015,6.565414878423349e-11,-3.2827074392116745e-11,-6.207301339600257e-11,-3.2827074392116745e-11
27.0,-13.5,-25.499999999999986,-13.5,0.0,5.714994179711037,1.0,2.0,0.011904761904761918,0.4250299527803228,421.2937849370927,149.15944091188575,274.5,83.9999999999999,-41.99999999999995,-79.33333333333312,-41.99999999999995,-3.3423930290155074e-11,1.6711965145077537e-11,3.1036506698001144e-11,1.6711965145077537e-11
28.0,-14.0,-26.44444444444443,-14.0,0.0,5.712278950553696,1.0,2.0,0.011904761904761918,0.4369347146850847,419.16345014078456,154.37478645709515,273.55555555555554,83.9999999999999,-41.99999999999995,-79.33333333333312,-41.99999999999995,0.0,0.0,0.0,0.0
29.0,-14.5,-27.38888888888887,-14.5,0.0,5.709463767453797,1.0,2.0,0.011904761904761862,0.4488394765898466,416.9608515224061,159.5569250628778,272.61111111111114,84.0000000000003,-42.00000000000015,-79.33333333333348,-42.00000000000015,3.342393029015523e-11,-1.6711965145077615e-11,-3.1036506698001286e-11,-1.6711965145077615e-11
30.0,-15.0,-28.333333333333314,-15.0,0.0,5.706548697031449,1.0,2.0,0.011904761904761973,0.46074423849460855,414.6865373291548,164.70476127563023,271.6666666666667,83.99999999999952,-41.99999999999976,-79.33333333333275,-41.99999999999976,-6.565414878423288e-11,3.282707439211644e-11,6.207301339600199e-11,3.282707439211644e-11
31.0,-15.5,-29.277777777777757,-15.5,0.0,5.703533808297816,1.0,2.0,0.011904761904761862,0.4726490003993704,412.3410734425782,169.81720900157512,270.72222222222223,84.0000000000003,-42.00000000000015,-79.33333333333348,-42.00000000000015,6.565414878423349e-11,-3.2827074392116745e-11,-6.207301339600257e-11,-3.2827074392116745e-11
32.0,-16.0,-30.2222222222222,-16.0,0.0,5.700419172655918,1.0,2.0,0.011904761904761862,0.4845537623041323,409.9250432158649,174.89319180089083,269.7777777777778,84.0000000000003,-42.00000000000015,-79.33333333333348,-42.00000000000015,0.0,0.0,0.0,0.0
33.0,-16.5,-31.166666666666643,-16.5,0.0,5.697204863902608,1.0,2.0,0.011904761904761973,0.49645852420889425,407.4390473061331,179.93164317898612,268.83333333333337,83.99999999999952,-41.99999999999976,-79.33333333333275,-41.99999999999976,-6.565414878423288e-11,3.282707439211644e-11,6.207301339600199e-11,3.282707439211644e-11
34.0,-17.0,-32.111111111111086,-17.0,0.0,5.693890958229422,1.0,2.0,0.011904761904761862,0.5083632861136561,404.88370350176723,184.93150687483362,267.8888888888889,84.0000000000003,-42.00000000000015,-79.33333333333348,-42.00000000000015,6.565414878423349e-11,-3.2827074392116745e-11,-6.207301339600257e-11,-3.2827074392116745e-11
35.0,-17.5,-33.05555555555553,-17.5,0.0,5.690477534224125,1.0,2.0,0.011904761904761973,0.5202680480184181,402.2596465448551,189.89173714627753,266.94444444444446,83.99999999999952,-41.99999999999976,-79.33333333333275,-41.99999999999976,-6.565414878423288e-11,3.282707439211644e-11,6.207301339600199e-11,3.282707439211644e-11
36.0,-18.0,-33.99999999999997,-18.0,0.0,5.6869646728726,1.0,2.0,0.011904761904761862,0.53217280992318,399.56752794877787,194.81129905223156,266.0,84.0000000000003,-42.00000000000015,-79.33333333333348,-42.00000000000015,6.565414878423349e-11,-3.2827074392116745e-11,-6.207301339600257e-11,-3.2827074392116745e-11
37.0,-18.5,-34.944444444444414,-18.5,0.0,5.683352457559524,1.0,2.0,0.011904761904761862,0.5440775718279418,396.80801581100843,199.68916873168274,265.0555555555556,84.0000000000003,-42.00000000000015,-79.33333333333348,-42.00000000000015,0.0,0.0,0.0,0.0
38.0,-19.0,-35.88888888888886,-19.0,0.0,5.6796409740712,1.0,2.0,0.011904761904761973,0.5559823337327038,393.98179462117366,204.52433367942086,264.11111111111114,83.99999999999952,-41.99999999999976,-79.33333333333275,-41.99999999999976,-6.565414878423288e-11,3.282707439211644e-11,6.207301339600199e-11,3.282707439211644e-11
39.0,-19.5,-36.8333333333333,-19.5,0.0,5.675830310596117,1.0,2.0,0.011904761904761862,0.5678870956374656,391.0895650644388,209.31579301841026,263.1666666666667,84.0000000000003,-42.00000000000015,-79.33333333333348,-42.00000000000015,6.565414878423349e-11,-3.2827074392116745e-11,-6.207301339600257e-11,-3.2827074392116745e-11
40.0,-20.0,-37.77777777777774,-20.0,0.0,5.671920557727045,1.0,2.0,0.011904761904761862,0.5797918575422275,388.1320438202727,214.06255776872507,262.2222222222223,84.0000000000003,-42.00000000000015,-79.33333333333348,-42.00000000000015,0.0,0.0,0.0,0.0
41.0,-20.5,-38.722222222222186,-20.5,0.0,5.667911808463311,1.0,2.0,0.011904761904761973,0.5916966194469895,385.1099633566538,218.76365111296838,261.2777777777778,83.99999999999952,-41.99999999999976,-79.33333333333275,-41.99999999999976,-6.565414878423288e-11,3.282707439211644e-11,6.207301339600199e-11,3.282707439211644e-11
42.0,-21.0,-39.66666666666663,-21.0,0.0,5.663804158211746,1.0,2.0,0.011904761904761862,0.6036013813517513,382.02407171977933,223.4181086580968,260.33333333333337,84.0000000000003,-42.00000000000015,-79.33333333333348,-42.00000000000015,6.565414878423349e-11,-3.2827074392116745e-11,-6.207301339600257e-11,-3.2827074392116745e-11
43.0,-21.5,-40.61111111111107,-21.5,0.0,5.659597704789446,1.0,2.0,0.011904761904761973,0.6155061432565133,378.87513231934025,228.02497869357407,259.3888888888889,83.99999999999952,-41.99999999999976,-79.33333333333275,-41.99999999999976,-6.565414878423288e-11,3.282707439211644e-11,6.207301339600199e-11,3.282707439211644e-11
44.0,-22.0,-41.555555555555515,-22.0,0.0,5.6552925484252805,1.0,2.0,0.011904761904761862,0.6274109051612752,375.6639237094271,232.5833224457775,258.44444444444446,84.0000000000003,-42.00000000000015,-79.33333333333348,-42.00000000000015,6.565414878423349e-11,-3.2827074392116745e-11,-6.207301339600257e-11,-3.2827074392116745e-11
45.0,-22.5,-42.49999999999996,-22.5,0.0,5.650888791762051,1.0,2.0,0.011904761904761862,0.639315667066037,372.3912393651312,237.09221432858203,257.50000000000006,84.0000000000003,-42.00000000000015,-79.33333333333348,-42.00000000000015,0.0,0.0,0.0,0.0
46.0,-23.0,-43.4444444444444,-23.0,0.0,5.646386539858483,1.0,2.0,0.011904761904761973,0.651220428970799,369.0578874549095,241.5507421900487,256.5555555555556,83.99999999999952,-41.99999999999976,-79.33333333333275,-41.99999999999976,-6.565414878423288e-11,3.282707439211644e-11,6.207301339600199e-11,3.282707439211644e-11
47.0,-23.5,-44.38888888888884,-23.5,0.0,5.641785900191913,1.0,2.0,0.011904761904761862,0.6631251908755609,365.6646906087807,245.9580075551457,255.61111111111114,84.0000000000003,-42.00000000000015,-79.33333333333348,-42.00000000000015,6.565414878423349e-11,-3.2827074392116745e-11,-6.207301339600257e-11,-3.2827074392116745e-11
48.0,-24.0,-45.333333333333286,-24.0,0.0,5.637086982659739,1.0,2.0,0.011904761904761973,0.6750299527803229,362.21248568242186,250.3131258644289,254.6666666666667,83.99999999999952,-41.99999999999976,-79.33333333333275,-41.99999999999976,-6.565414878423288e-11,3.282707439211644e-11,6.207301339600199e-11,3.282707439211644e-11
49.0,-24.5,-46.27777777777773,-24.5,0.0,5.632289899582689,1.0,2.0,0.011904761904761862,0.6869347146850847,358.7021235172373,254.61522670861422,253.72222222222229,84.0000000000003,-42.00000000000015,-79.33333333333348,-42.00000000000015,6.565414878423349e-11,-3.2827074392116745e-11,-6.207301339600257e-11,-3.2827074392116745e-11
50.0,-25.0,-47.22222222222217,-25.0,0.0,5.627394765706242,1.0,2.0,0.011904761904761862,0.6988394765898466,355.13446869647044,258.8634540589705,252.77777777777783,84.0000000000003,-42.00000000000015,-79.33333333333348,-42.00000000000015,0.0,0.0,0.0,0.0
51.0,-25.5,-48.166666666666615,-25.5,0.0,5.622401698204199,1.0,2.0,0.011904761904761862,0.7107442384946084,351.5103992974326,263.056966493468,251.83333333333337,84.0000000000003,-42.00000000000015,-79.33333333333348,-42.00000000000015,0.0,0.0,0.0,0.0
52.0,-26.0,-49.11111111111106,-26.0,0.0,5.617310816679988,1.0,2.0,0.011904761904761973,0.7226490003993704,347.8308066399234,267.19493741861385,250.88888888888894,83.99999999999952,-41.99999999999976,-79.33333333333275,-41.99999999999976,-6.565414878423288e-11,3.282707439211644e-11,6.207301339600199e-11,3.282707439211644e-11
53.0,-26.5,-50.0555555555555,-26.5,0.0,5.612122243170497,1.0,2.0,0.011904761904761862,0.7345537623041323,344.096595030916,271.2765552869108,249.9444444444445,84.0000000000003,-42.00000000000015,-79.33333333333348,-42.00000000000015,6.565414878423349e-11,-3.2827074392116745e-11,-6.207301339600257e-11,-3.2827074392116745e-11
54.0,-27.0,-50.99999999999994,-27.0,0.0,5.606836102148449,1.0,2.0,0.011904761904761973,0.7464585242088942,340.30868150558655,275.30102380987626,249.00000000000006,83.99999999999952,-41.99999999999976,-79.33333333333275,-41.99999999999976,-6.565414878423288e-11,3.282707439211644e-11,6.207301339600199e-11,3.282707439211644e-11
55.0,-27.5,-51.944444444444386,-27.5,0.0,5.601452520524326,1.0,2.0,0.011904761904761862,0.7583632861136561,336.4679955647646,279.2675621665569,248.0555555555556,84.0000000000003,-42.00000000000015,-79.33333333333348,-42.00000000000015,6.565414878423349e-11,-3.2827074392116745e-11,-6.207301339600257e-11,-3.2827074392116745e-11
56.0,-28.0,-52.88888888888883,-28.0,0.0,5.595971627650726,1.0,2.0,0.011904761904761862,0.770268048018418,332.5754789088811,283.1754052074811,247.11111111111117,84.0000000000003,-42.00000000000015,-79.33333333333348,-42.00000000000015,0.0,0.0,0.0,0.0
57.0,-28.5,-53.83333333333327,-28.5,0.0,5.590393555324387,1.0,2.0,0.011904761904761973,0.78217280992318,328.6320851684968,287.02380365398693,246.16666666666674,83.99999999999952,-41.99999999999976,-79.33333333333275,-41.99999999999976,-6.565414878423288e-11,3.282707439211644e-11,6.207301339600199e-11,3.282707439211644e-11
58.0,-29.0,-54.777777777777715,-29.0,0.0,5.584718437789723,1.0,2.0,0.011904761904761862,0.7940775718279418,324.63877963148985,290.8120242928695,245.22222222222229,84.0000000000003,-42.00000000000015,-79.33333333333348,-42.00000000000015,6.565414878423349e-11,-3.2827074392116745e-11,-6.207301339600257e-11,-3.2827074392116745e-11
59.0,-29.5,-55.72222222222216,-29.5,0.0,5.5789464117409775,1.0,2.0,0.011904761904761862,0.8059823337327037,320.5965389669857,294.5393501662893,244.27777777777783,84.0000000000003,-42.00000000000015,-79.33333333333348,-42.00000000000015,0.0,0.0,0.0,0.0
60.0,-30.0,-56.6666666666666,-30.0,0.0,5.573077616327367,1.0,2.0,0.011904761904761973,0.8178870956374656,316.50635094610965,298.20508075688775,243.3333333333334,83.99999999999952,-41.99999999999976,-79.33333333333275,-41.99999999999976,-6.565414878423288e-11,3.282707439211644e-11,6.207301339600199e-11,3.282707439211644e-11
61.0,-30.5,-57.61111111111104,-30.5,0.0,5.56711219315493,1.0,2.0,0.011904761904761862,0.8297918575422275,312.36921415964883,301.80853216805525,242.38888888888897,84.0000000000003,-42.00000000000015,-79.33333333333348,-42.00000000000015,6.565414878423349e-11,-3.2827074392116745e-11,-6.207301339600257e-11,-3.2827074392116745e-11
62.0,-31.0,-58.555555555555486,-31.0,0.0,5.561050286290206,1.0,2.0,0.011904761904761973,0.8416966194469895,308.1861377327062,305.34903729929897,241.4444444444445,83.99999999999952,-41.99999999999976,-79.33333333333275,-41.99999999999976,-6.565414878423288e-11,3.282707439211644e-11,6.207301339600199e-11,3.282707439211644e-11
63.0,-31.5,-59.49999999999993,-31.5,0.0,5.554892042264308,1.0,2.0,0.011904761904761862,0.8536013813517513,303.9581410364323,308.8259460166608,240.50000000000006,84.0000000000003,-42.00000000000015,-79.33333333333348,-42.00000000000015,6.565414878423349e-11,-3.2827074392116745e-11,-6.207301339600257e-11,-3.2827074392116745e-11
64.0,-32.0,-60.44444444444437,-32.0,0.0,5.54863761007621,1.0,2.0,0.011904761904761862,0.8655061432565132,299.6862533969219,312.2386253181347,239.55555555555563,84.0000000000003,-42.00000000000015,-79.33333333333348,-42.00000000000015,0.0,0.0,0.0,0.0
65.0,-32.5,-61.388888888888815,-32.5,0.0,5.542287141196598,1.0,2.0,0.011904761904761973,0.8774109051612752,295.3715138013613,315.586459494036,238.6111111111112,83.99999999999952,-41.99999999999976,-79.33333333333275,-41.99999999999976,-6.565414878423288e-11,3.282707439211644e-11,6.207301339600199e-11,3.282707439211644e-11
66.0,-33.0,-62.33333333333326,-33.0,0.0,5.535840789572056,1.0,2.0,0.011904761904761862,0.889315667066037,291.014970601516,318.868850282277,237.66666666666674,84.0000000000003,-42.00000000000015,-79.33333333333348,-42.00000000000015,6.565414878423349e-11,-3.2827074392116745e-11,-6.207301339600257e-11,-3.2827074392116745e-11
67.0,-33.5,-63.2777777777777,-33.5,0.0,5.529298711628218,1.0,2.0,0.011904761904761973,0.901220428970799,286.6176812146468,322.08521701850265,236.72222222222229,83.99999999999952,-41.99999999999976,-79.33333333333275,-41.99999999999976,-6.565414878423288e-11,3.282707439211644e-11,6.207301339600199e-11,3.282707439211644e-11
68.0,-34.0,-64.22222222222214,-34.0,0.0,5.522661066275066,1.0,2.0,0.011904761904761862,0.9131251908755609,282.1807118219428,325.23499678104423,235.77777777777786,84.0000000000003,-42.00000000000015,-79.33333333333348,-42.00000000000015,6.565414878423349e-11,-3.2827074392116745e-11,-6.207301339600257e-11,-3.2827074392116745e-11
69.0,-34.5,-65.16666666666659,-34.5,0.0,5.515928014910056,1.0,2.0,0.011904761904761862,0.9250299527803227,277.7051370645639,328.3176445306486,234.83333333333343,84.0000000000003,-42.00000000000015,-79.33333333333348,-42.00000000000015,0.0,0.0,0.0,0.0
70.0,-35.0,-66.11111111111103,-35.0,0.0,5.509099721423255,1.0,2.0,0.011904761904761973,0.9369347146850847,273.19203973738166,331.3326332449432,233.88888888888897,83.99999999999952,-41.99999999999976,-79.33333333333275,-41.99999999999976,-6.565414878423288e-11,3.282707439211644e-11,6.207301339600199e-11,3.282707439211644e-11
71.0,-35.5,-67.05555555555547,-35.5,0.0,5.502176352201356,1.0,2.0,0.011904761904761862,0.9488394765898466,268.64251048051113,334.27945404759834,232.9444444444445,84.0000000000003,-42.00000000000015,-79.33333333333348,-42.00000000000015,6.565414878423349e-11,-3.2827074392116745e-11,-6.207301339600257e-11,-3.2827074392116745e-11
72.0,-36.0,-67.99999999999991,-36.0,0.0,5.4951580761325545,1.0,2.0,0.011904761904761862,0.9607442384946084,264.0576474687263,337.1576163321491,232.00000000000009,84.0000000000003,-42.00000000000015,-79.33333333333348,-42.00000000000015,0.0,0.0,0.0,0.0
73.0,-36.5,-68.94444444444436,-36.5,0.0,5.488045064610895,1.0,2.0,0.011904761904761973,0.9726490003993704,259.4385560988516,339.9666478804424,231.05555555555566,83.99999999999952,-41.99999999999976,-79.33333333333275,-41.99999999999976,-6.565414878423288e-11,3.282707439211644e-11,6.207301339600199e-11,3.282707439211644e-11
74.0,-37.0,-69.8888888888888,-37.0,0.0,5.480837491541842,1.0,2.0,0.011904761904761862,0.9845537623041323,254.78634867522302,342.70609497567597,230.1111111111112,84.0000000000003,-42.00000000000015,-79.33333333333348,-42.00000000000015,6.565414878423349e-11,-3.2827074392116745e-11,-6.207301339600257e-11,-3.2827074392116745e-11
75.0,-37.5,-70.83333333333324,-37.5,0.0,5.47353553334629,1.0,2.0,0.011904761904761973,0.9964585242088942,250.10214409331292,345.3755225099939,229.16666666666674,83.99999999999952,-41.99999999999976,-79.33333333333275,-41.99999999999976,-6.565414878423288e-11,3.282707439211644e-11,6.207301339600199e-11,3.282707439211644e-11
76.0,-38.0,-71.77777777777769,-38.0,0.0,5.466139368966674,1.0,2.0,0.011904761904761973,1.0083632861136562,245.38706752161406,347.97451408661396,228.2222222222223,83.99999999999952,-41.99999999999976,-79.33333333333275,-41.99999999999976,0.0,0.0,0.0,0.0
77.0,-38.5,-72.72222222222213,-38.5,0.0,5.458649179871807,1.0,2.0,0.011904761904761862,1.020268048018418,240.64225008187643,350.50267211645206,227.27777777777789,84.0000000000003,-42.00000000000015,-79.33333333333348,-42.00000000000015,6.565414878423349e-11,-3.2827074392116745e-11,-6.207301339600257e-11,-3.2827074392116745e-11
78.0,-39.0,-73.66666666666657,-39.0,0.0,5.451065150061748,1.0,2.0,0.011904761904761862,1.03217280992318,235.8688285277946,352.9596179092205,226.33333333333343,84.0000000000003,-42.00000000000015,-79.33333333333348,-42.00000000000015,0.0,0.0,0.0,0.0
79.0,-39.5,-74.61111111111101,-39.5,0.0,5.443387466074972,1.0,2.0,0.011904761904761862,1.0440775718279418,231.06794492223895,355.3449917589739,225.38888888888897,84.0000000000003,-42.00000000000015,-79.33333333333348,-42.00000000000015,0.0,0.0,0.0,0.0
80.0,-40.0,-75.55555555555546,-40.0,0.0,5.4356163169920135,1.0,2.0,0.011904761904761862,1.0559823337327037,226.24074631313056,357.65845302407644,224.44444444444454,84.0000000000003,-42.00000000000015,-79.33333333333348,-42.00000000000015,0.0,0.0,0.0,0.0
81.0,-40.5,-76.4999999999999,-40.5,0.0,5.4277518944432614,1.0,2.0,0.011904761904762085,1.0678870956374658,221.38838440805392,359.8996802015735,223.5000000000001,83.99999999999874,-41.99999999999937,-79.333333333332,-41.99999999999937,-1.3130829756846452e-10,6.565414878423226e-11,1.2414602679200282e-10,6.565414878423226e-11
82.0,-41.0,-77.44444444444434,-41.0,0.0,5.419794392613712,1.0,2.0,0.011904761904761862,1.0797918575422276,216.51201524770613,362.06837099594094,222.55555555555566,84.0000000000003,-42.00000000000015,-79.33333333333348,-42.00000000000015,1.3130829756846698e-10,-6.565414878423349e-11,-1.2414602679200514e-10,-6.565414878423349e-11
83.0,-41.5,-78.38888888888879,-41.5,0.0,5.411744008249968,1.0,2.0,0.011904761904761862,1.0916966194469895,211.61279887828,364.1642423821988,221.6111111111112,84.0000000000003,-42.00000000000015,-79.33333333333348,-42.00000000000015,0.0,0.0,0.0,0.0
84.0,-42.0,-79.33333333333323,-42.0,0.0,5.403600940665979,1.0,2.0,0.011904761904761862,1.1036013813517513,206.6918990228792,366.1870306633693,220.66666666666674,84.0000000000003,-42.00000000000015,-79.33333333333348,-42.00000000000015,0.0,0.0,0.0,0.0
85.0,-42.5,-80.27777777777767,-42.5,0.0,5.3953653917502775,1.0,2.0,0.011904761904761862,1.1155061432565132,201.7504827520626,368.1364915222643,219.72222222222234,84.0000000000003,-42.00000000000015,-79.33333333333348,-42.00000000000015,0.0,0.0,0.0,0.0
86.0,-43.0,-81.22222222222211,-43.0,0.0,5.38703756597224,1.0,2.0,0.011904761904762085,1.1274109051612753,196.78972015361768,370.0124000675895,218.77777777777789,83.99999999999874,-41.99999999999937,-79.333333333332,-41.99999999999937,-1.3130829756846452e-10,6.565414878423226e-11,1.2414602679200282e-10,6.565414878423226e-11
87.0,-43.5,-82.16666666666656,-43.5,0.0,5.378617670389476,1.0,2.0,0.011904761904761862,1.1393156670660372,191.81078400166066,371.8145508743533,217.83333333333343,84.0000000000003,-42.00000000000015,-79.33333333333348,-42.00000000000015,1.3130829756846698e-10,-6.565414878423349e-11,-1.2414602679200514e-10,-6.565414878423349e-11
88.0,-44.0,-83.111111111111,-44.0,0.0,5.3701059146541485,1.0,2.0,0.011904761904761862,1.151220428970799,186.814849425163,373.5427580185686,216.88888888888903,84.0000000000003,-42.00000000000015,-79.33333333333348,-42.00000000000015,0.0,0.0,0.0,0.0
89.0,-44.5,-84.05555555555544,-44.5,0.0,5.361502511021314,1.0,2.0,0.011904761904761862,1.1631251908755609,181.80309357600203,375.19685510624106,215.94444444444457,84.0000000000003,-42.00000000000015,-79.33333333333348,-42.00000000000015,0.0,0.0,0.0,0.0
90.0,-45.0,-84.99999999999989,-45.0,0.0,5.352807674355321,1.0,2.0,0.011904761904761862,1.1750299527803227,176.77669529663686,376.77669529663694,215.0000000000001,84.0000000000003,-42.00000000000015,-79.33333333333348,-42.00000000000015,0.0,0.0,0.0,0.0
91.0,-45.5,-85.94444444444433,-45.5,0.0,5.344021622138884,1.0,2.0,0.011904761904762085,1.1869347146850848,171.736834787506,378.2821513198237,214.05555555555566,83.99999999999874,-41.99999999999937,-79.333333333332,-41.99999999999937,-1.3130829756846452e-10,6.565414878423226e-11,1.2414602679200282e-10,6.565414878423226e-11
92.0,-46.0,-86.88888888888877,-46.0,0.0,5.335144574479543,1.0,2.0,0.011904761904761862,1.1988394765898467,166.6846932742492,379.71311548848195,213.1111111111112,84.0000000000003,-42.00000000000015,-79.33333333333348,-42.00000000000015,1.3130829756846698e-10,-6.565414878423349e-11,-1.2414602679200514e-10,-6.565414878423349e-11
93.0,-46.5,-87.83333333333321,-46.5,0.0,5.326176754119209,1.0,2.0,0.011904761904761862,1.2107442384946085,161.6214526748497,381.0694997039867,212.1666666666668,84.0000000000003,-42.00000000000015,-79.33333333333348,-42.00000000000015,0.0,0.0,0.0,0.0
94.0,-47.0,-88.77777777777766,-47.0,0.0,5.317118386440868,1.0,2.0,0.011904761904761862,1.2226490003993704,156.5482952667995,382.3512354567575,211.22222222222234,84.0000000000003,-42.00000000000015,-79.33333333333348,-42.00000000000015,0.0,0.0,0.0,0.0
95.0,-47.5,-89.7222222222221,-47.5,0.0,5.307969699478955,1.0,2.0,0.011904761904761862,1.2345537623041323,151.46640335438335,383.5582738208802,210.27777777777789,84.0000000000003,-42.00000000000015,-79.33333333333348,-42.00000000000015,0.0,0.0,0.0,0.0
96.0,-48.0,-90.66666666666654,-48.0,0.0,5.298730923926896,1.0,2.0,0.011904761904761862,1.2464585242088941,146.37695893618383,384.6905854430033,209.33333333333348,84.0000000000003,-42.00000000000015,-79.33333333333348,-42.00000000000015,0.0,0.0,0.0,0.0
97.0,-48.5,-91.61111111111099,-48.5,0.0,5.2894022931469244,1.0,2.0,0.011904761904761862,1.258363286113656,141.28114337290484,385.74816052551495,208.38888888888903,84.0000000000003,-42.00000000000015,-79.33333333333348,-42.00000000000015,0.0,0.0,0.0,0.0
98.0,-49.0,-92.55555555555543,-49.0,0.0,5.279984043178615,1.0,2.0,0.011904761904762085,1.270268048018418,136.18013705561373,386.7310088040071,207.44444444444457,83.99999999999874,-41.99999999999937,-79.333333333332,-41.99999999999937,-1.3130829756846452e-10,6.565414878423226e-11,1.2414602679200282e-10,6.565414878423226e-11
99.0,-49.5,-93.49999999999987,-49.5,0.0,5.2704764127492725,1.0,2.0,0.011904761904761862,1.28217280992318,131.07511907449964,387.63915951903533,206.5000000000001,84.0000000000003,-42.00000000000015,-79.33333333333348,-42.00000000000015,1.3130829756846698e-10,-6.565414878423349e-11,-1.2414602679200514e-10,-6.565414878423349e-11
100.0,-50.0,-94.44444444444431,-50.0,0.0,5.26087964328271,1.0,2.0,0.011904761904761862,1.2940775718279418,125.9672668882487,388.4726613821862,205.55555555555566,84.0000000000003,-42.00000000000015,-79.33333333333348,-42.00000000000015,0.0,0.0,0.0,0.0
101.0,-50.5,-95.38888888888876,-50.5,0.0,5.251193978910695,1.0,2.0,0.011904761904761862,1.3059823337327037,120.85775599413199,389.2315825364629,204.61111111111126,84.0000000000003,-42.00000000000015,-79.33333333333348,-42.00000000000015,0.0,0.0,0.0,0.0
102.0,-51.0,-96.3333333333332,-51.0,0.0,5.241419666481914,1.0,2.0,0.011904761904761862,1.3178870956374655,115.74775959890752,389.9160105110039,203.6666666666668,84.0000000000003,-42.00000000000015,-79.33333333333348,-42.00000000000015,0.0,0.0,0.0,0.0
103.0,-51.5,-97.27777777777764,-51.5,0.0,5.23155695557352,1.0,2.0,0.011904761904762085,1.3297918575422276,110.63844829063189,390.52605217015054,202.72222222222234,83.99999999999874,-41.99999999999937,-79.333333333332,-41.99999999999937,-1.3130829756846452e-10,6.565414878423226e-11,1.2414602679200282e-10,6.565414878423226e-11
104.0,-52.0,-98.22222222222209,-52.0,0.0,5.221606098501267,1.0,2.0,0.011904761904761862,1.3416966194469895,105.53098971148101,391.06183365687986,201.77777777777794,84.0000000000003,-42.00000000000015,-79.33333333333348,-42.00000000000015,1.3130829756846698e-10,-6.565414878423349e-11,-1.2414602679200514e-10,-6.565414878423349e-11
105.0,-52.5,-99.16666666666653,-52.5,0.0,5.211567350331497,1.0,2.0,0.011904761904761862,1.3536013813517513,100.42654823167594,391.52350033062254,200.83333333333348,84.0000000000003,-42.00000000000015,-79.33333333333348,-42.00000000000015,0.0,0.0,0.0,0.0
106.0,-53.0,-100.11111111111097,-53.0,0.0,5.201440968891766,1.0,2.0,0.011904761904761862,1.3655061432565132,95.32628462461226,391.91121669948706,199.88888888888903,84.0000000000003,-42.00000000000015,-79.33333333333348,-42.00000000000015,0.0,0.0,0.0,0.0
107.0,-53.5,-101.05555555555542,-53.5,0.0,5.191227214783823,1.0,2.0,0.011904761904761862,1.377410905161275,90.23135574328798,392.2251663469115,198.94444444444457,84.0000000000003,-42.00000000000015,-79.33333333333348,-42.00000000000015,0.0,0.0,0.0,0.0
108.0,-54.0,-101.99999999999986,-54.0,0.0,5.180926351394078,1.0,2.0,0.011904761904762085,1.3893156670660372,85.1429141981288,392.46555185276765,198.0000000000001,83.99999999999874,-41.99999999999937,-79.333333333332,-41.99999999999937,-1.3130829756846452e-10,6.565414878423226e-11,1.2414602679200282e-10,6.565414878423226e-11
109.0,-54.5,-102.9444444444443,-54.5,0.0,5.170538644907503,1.0,2.0,0.011904761904761862,1.401220428970799,80.06210803630363,392.63259470894326,197.0555555555557,84.0000000000003,-42.00000000000015,-79.33333333333348,-42.00000000000015,1.3130829756846698e-10,-6.565414878423349e-11,-1.2414602679200514e-10,-6.565414878423349e-11
110.0,-55.0,-103.88888888888874,-55.0,0.0,5.160064364319674,1.0,2.0,0.011904761904761862,1.4131251908755609,74.99008042262776,392.72653522942966,196.11111111111126,84.0000000000003,-42.00000000000015,-79.33333333333348,-42.00000000000015,0.0,0.0,0.0,0.0
111.0,-55.5,-104.83333333333319,-55.5,0.0,5.149503781449797,1.0,2.0,0.011904761904761862,1.4250299527803227,69.9279693221481,392.7476324549443,195.1666666666668,84.0000000000003,-42.00000000000015,-79.33333333333348,-42.00000000000015,0.0,0.0,0.0,0.0
112.0,-56.0,-105.77777777777763,-56.0,0.0,5.138857170954519,1.0,2.0,0.011904761904761862,1.4369347146850846,64.87690718450425,392.696164052118,194.2222222222224,84.0000000000003,-42.00000000000015,-79.33333333333348,-42.00000000000015,0.0,0.0,0.0,0.0
113.0,-56.5,-106.72222222222207,-56.5,0.0,5.128124810341562,1.0,2.0,0.011904761904762085,1.4488394765898467,59.83802063015977,392.57242620728016,193.27777777777794,83.99999999999874,-41.99999999999937,-79.333333333332,-41.99999999999937,-1.3130829756846452e-10,6.565414878423226e-11,1.2414602679200282e-10,6.565414878423226e-11
114.0,-57.0,-107.66666666666652,-57.0,0.0,5.117306979983859,1.0,2.0,0.011904761904761862,1.4607442384946085,54.81243013859669,392.37673351487626,192.33333333333348,84.0000000000003,-42.00000000000015,-79.33333333333348,-42.00000000000015,1.3130829756846698e-10,-6.565414878423349e-11,-1.2414602679200514e-10,-6.565414878423349e-11
115.0,-57.5,-108.61111111111096,-57.5,0.0,5.106403963133926,1.0,2.0,0.011904761904761862,1.4726490003993704,49.801249738566064,392.1094188605515,191.38888888888903,84.0000000000003,-42.00000000000015,-79.33333333333348,-42.00000000000015,0.0,0.0,0.0,0.0
116.0,-58.0,-109.5555555555554,-58.0,0.0,5.095416045939344,1.0,2.0,0.011904761904761862,1.4845537623041323,44.8055867004857,391.77083329894,190.44444444444457,84.0000000000003,-42.00000000000015,-79.33333333333348,-42.00000000000015,0.0,0.0,0.0,0.0
117.0,-58.5,-110.49999999999984,-58.5,0.0,5.084343517457221,1.0,2.0,0.011904761904761862,1.4964585242088941,39.82654123107782,391.36134592619663,189.50000000000017,84.0000000000003,-42.00000000000015,-79.33333333333348,-42.00000000000015,0.0,0.0,0.0,0.0
118.0,-59.0,-111.44444444444429,-59.0,0.0,5.0731866696708545,1.0,2.0,0.011904761904761862,1.508363286113656,34.86520617033545,390.8813437473135,188.5555555555557,84.0000000000003,-42.00000000000015,-79.33333333333348,-42.00000000000015,0.0,0.0,0.0,0.0
119.0,-59.5,-112.38888888888873,-59.5,0.0,5.061945797505533,1.0,2.0,0.011904761904762085,1.520268048018418,29.922666690908606,390.3312315382607,187.61111111111126,83.99999999999874,-41.99999999999937,-79.333333333332,-41.99999999999937,-1.3130829756846452e-10,6.565414878423226e-11,1.2414602679200282e-10,6.565414878423226e-11
120.0,-60.0,-113.33333333333317,-60.0,0.0,5.0506211988442935,1.0,2.0,0.011904761904761862,1.53217280992318,24.999999999999993,389.71143170299746,186.66666666666686,84.0000000000003,-42.00000000000015,-79.33333333333348,-42.00000000000015,1.3130829756846698e-10,-6.565414878423349e-11,-1.2414602679200514e-10,-6.565414878423349e-11
121.0,-60.5,-114.27777777777762,-60.5,0.0,5.039213174546627,1.0,2.0,0.011904761904761862,1.5440775718279418,20.0982750438559,389.0223841253974,185.7222222222224,84.0000000000003,-42.00000000000015,-79.33333333333348,-42.00000000000015,0.0,0.0,0.0,0.0
122.0,-61.0,-115.22222222222206,-61.0,0.0,5.027722028464275,1.0,2.0,0.011904761904761862,1.5559823337327037,15.21855221494325,388.2645460161342,184.77777777777794,84.0000000000003,-42.00000000000015,-79.33333333333348,-42.00000000000015,0.0,0.0,0.0,0.0
123.0,-61.5,-116.1666666666665,-61.5,0.0,5.016148067460413,1.0,2.0,0.011904761904761862,1.5678870956374655,10.361883061896654,387.4383917545762,183.83333333333348,84.0000000000003,-42.00000000000015,-79.33333333333348,-42.00000000000015,0.0,0.0,0.0,0.0
124.0,-62.0,-117.11111111111094,-62.0,0.0,5.004491601427161,1.0,2.0,0.011904761904762085,1.5797918575422276,5.529310002323291,386.5444127257401,182.88888888888903,83.99999999999874,-41.99999999999937,-79.333333333332,-41.99999999999937,-1.3130829756846452e-10,6.565414878423226e-11,1.2414602679200282e-10,6.565414878423226e-11
125.0,-62.5,-118.05555555555539,-62.5,0.0,4.9927529433049935,1.0,2.0,0.011904761904761862,1.5916966194469895,0.721866038549327,385.5831171523538,181.94444444444463,84.0000000000003,-42.00000000000015,-79.33333333333348,-42.00000000000015,1.3130829756846698e-10,-6.565414878423349e-11,-1.2414602679200514e-10,-6.565414878423349e-11
126.0,-63.0,-118.99999999999983,-63.0,0.0,4.980932409102488,1.0,2.0,0.011904761904761862,1.6036013813517513,-4.059425523607952,384.5550299220814,181.00000000000017,84.0000000000003,-42.00000000000015,-79.33333333333348,-42.00000000000015,0.0,0.0,0.0,0.0
127.0,-63.5,-119.94444444444427,-63.5,0.0,4.969030317914796,1.0,2.0,0.011904761904761862,1.6155061432565132,-8.813551352957543,383.46069240996485,180.0555555555557,84.0000000000003,-42.00000000000015,-79.33333333333348,-42.00000000000015,0.0,0.0,0.0,0.0
128.0,-64.0,-120.88888888888872,-64.0,0.0,4.9570469919458295,1.0,2.0,0.011904761904761862,1.627410905161275,-13.539508367862336,382.3006622961361,179.1111111111113,84.0000000000003,-42.00000000000015,-79.33333333333348,-42.00000000000015,0.0,0.0,0.0,0.0
129.0,-64.5,-121.83333333333316,-64.5,0.0,4.944982756528508,1.0,2.0,0.011904761904762085,1.6393156670660372,-18.236304007893718,381.07551337885934,178.16666666666686,83.99999999999874,-41.99999999999937,-79.333333333332,-41.99999999999937,-1.3130829756846452e-10,6.565414878423226e-11,1.2414602679200282e-10,6.565414878423226e-11
130.0,-65.0,-122.7777777777776,-65.0,0.0,4.932837940146054,1.0,2.0,0.011904761904761862,1.651220428970799,-22.90295650213309,379.7858353829581,177.2222222222224,84.0000000000003,-42.00000000000015,-79.33333333333348,-42.00000000000015,1.3130829756846698e-10,-6.565414878423349e-11,-1.2414602679200514e-10,-6.565414878423349e-11
131.0,-65.5,-123.72222222222204,-65.5,0.0,4.920612874454271,1.0,2.0,0.011904761904761862,1.6631251908755609,-27.538495134041835,378.4322337636902,176.27777777777794,84.0000000000003,-42.00000000000015,-79.33333333333348,-42.00000000000015,0.0,0.0,0.0,0.0
132.0,-66.0,-124.66666666666649,-66.0,0.0,4.9083078943045075,1.0,2.0,0.011904761904761862,1.6750299527803227,-32.14196050282166,377.0153295061291,175.33333333333348,84.0000000000003,-42.00000000000015,-79.33333333333348,-42.00000000000015,0.0,0.0,0.0,0.0
133.0,-66.5,-125.61111111111093,-66.5,0.0,4.895923337767121,1.0,2.0,0.011904761904761862,1.6869347146850846,-36.712404781188155,375.5357589201151,174.38888888888908,84.0000000000003,-42.00000000000015,-79.33333333333348,-42.00000000000015,0.0,0.0,0.0,0.0
134.0,-67.0,-126.55555555555537,-67.0,0.0,4.883459546154703,1.0,2.0,0.011904761904762085,1.6988394765898467,-41.24889196948098,373.9941734308403,173.44444444444463,83.99999999999874,-41.99999999999937,-79.333333333332,-41.99999999999937,-1.3130829756846452e-10,6.565414878423226e-11,1.2414602679200282e-10,6.565414878423226e-11
135.0,-67.5,-127.49999999999982,-67.5,0.0,4.870916864047351,1.0,2.0,0.011904761904761862,1.7107442384946085,-45.75049814603709,372.3912393651312,172.50000000000017,84.0000000000003,-42.00000000000015,-79.33333333333348,-42.00000000000015,1.3130829756846698e-10,-6.565414878423349e-11,-1.2414602679200514e-10,-6.565414878423349e-11
136.0,-68.0,-128.44444444444426,-68.0,0.0,4.8582956393173236,1.0,2.0,0.011904761904761862,1.7226490003993704,-50.21631171375233,370.7276377334963,171.55555555555577,84.0000000000003,-42.00000000000015,-79.33333333333348,-42.00000000000015,0.0,0.0,0.0,0.0
137.0,-68.5,-129.38888888888872,-68.5,0.0,4.845596223155464,1.0,2.0,0.011904761904761862,1.7345537623041323,-54.645433642759855,369.0040640080058,170.6111111111113,84.0000000000003,-42.00000000000015,-79.33333333333468,-42.00000000000015,0.0,0.0,-1.002717908704657e-10,0.0
138.0,-69.0,-130.33333333333317,-69.0,0.0,4.8328189700977395,1.0,2.0,0.011904761904761862,1.7464585242088941,-59.0369777091538,367.22122789607215,169.66666666666686,84.0000000000003,-42.00000000000015,-79.33333333333468,-42.00000000000015,0.0,0.0,0.0,0.0
139.0,-69.5,-131.27777777777763,-69.5,0.0,4.819964238052455,1.0,2.0,0.011904761904761862,1.758363286113656,-63.39007072968761,365.3798531102009,168.7222222222224,84.0000000000003,-42.00000000000015,-79.33333333333468,-42.00000000000015,0.0,0.0,0.0,0.0
140.0,-70.0,-132.2222222222221,-70.0,0.0,4.807032388327606,1.0,2.0,0.011904761904762085,1.770268048018418,-67.70385279237846,363.480677133785,167.77777777777794,83.99999999999874,-41.99999999999937,-79.3333333333332,-41.99999999999937,-1.3130829756846452e-10,6.565414878423226e-11,1.2414602679200282e-10,6.565414878423226e-11
141.0,-70.5,-133.16666666666654,-70.5,0.0,4.79402378566113,1.0,2.0,0.011904761904761862,1.78217280992318,-71.97747748295144,361.5244509830121,166.83333333333348,84.0000000000003,-42.00000000000015,-79.33333333333468,-42.00000000000015,1.3130829756846698e-10,-6.565414878423349e-11,-1.2414602679200514e-10,-6.565414878423349e-11
142.0,-71.0,-134.111111111111,-71.0,0.0,4.7809387982492595,1.0,2.0,0.011904761904761862,1.7940775718279418,-76.21011210705527,359.5119389649609,165.88888888888903,84.0000000000003,-42.00000000000015,-79.33333333333468,-42.00000000000015,0.0,0.0,0.0,0.0
143.0,-71.5,-135.05555555555546,-71.5,0.0,4.767777797777236,1.0,2.0,0.011904761904761862,1.8059823337327037,-80.40093790818563,357.44391843195945,164.94444444444457,84.0000000000003,-42.00000000000015,-79.33333333333468,-42.00000000000015,0.0,0.0,0.0,0.0
144.0,-72.0,-135.99999999999991,-72.0,0.0,4.754541159450349,1.0,2.0,0.011904761904761862,1.8178870956374655,-84.54915028125262,355.32117953228305,164.0000000000001,84.0000000000003,-42.00000000000015,-79.33333333333468,-42.00000000000015,0.0,0.0,0.0,0.0
145.0,-72.5,-136.94444444444437,-72.5,0.0,4.741229262026907,1.0,2.0,0.011904761904762085,1.8297918575422276,-88.65395898173007,353.14452495726596,163.05555555555566,83.99999999999874,-41.99999999999937,-79.3333333333332,-41.99999999999937,-1.3130829756846452e-10,6.565414878423226e-11,1.2414602679200282e-10,6.565414878423226e-11
146.0,-73.0,-137.88888888888883,-73.0,0.0,4.7278424878492755,1.0,2.0,0.011904761904761862,1.8416966194469895,-92.71458833032419,350.91476968490826,162.1111111111112,84.0000000000003,-42.00000000000015,-79.33333333333468,-42.00000000000015,1.3130829756846698e-10,-6.565414878423349e-11,-1.2414602679200514e-10,-6.565414878423349e-11
147.0,-73.5,-138.8333333333333,-73.5,0.0,4.71438122287924,1.0,2.0,0.011904761904761862,1.8536013813517513,-96.73027741310426,348.6327407200537,161.16666666666674,84.0000000000003,-42.00000000000015,-79.33333333333468,-42.00000000000015,0.0,0.0,0.0,0.0
148.0,-74.0,-139.77777777777774,-74.0,0.0,4.7008458567316795,1.0,2.0,0.011904761904761862,1.8655061432565132,-100.70028027703546,346.2992768312207,160.22222222222229,84.0000000000003,-42.00000000000015,-79.33333333333468,-42.00000000000015,0.0,0.0,0.0,0.0
149.0,-74.5,-140.7222222222222,-74.5,0.0,4.687236782711045,1.0,2.0,0.011904761904761862,1.877410905161275,-104.62386612085827,343.91522828416663,159.27777777777783,84.0000000000003,-42.00000000000015,-79.33333333333468,-42.00000000000015,0.0,0.0,0.0,0.0
150.0,-75.0,-141.66666666666666,-75.0,0.0,4.673554397847101,1.0,2.0,0.011904761904762085,1.8893156670660372,-108.50031948125762,341.48145657226706,158.33333333333337,83.99999999999874,-41.99999999999937,-79.3333333333332,-41.99999999999937,-1.3130829756846452e-10,6.565414878423226e-11,1.2414602679200282e-10,6.565414878423226e-11
151.0,-75.5,-142.61111111111111,-75.5,0.0,4.659799102932362,1.0,2.0,0.011904761904761862,1.901220428970799,-112.32894041426884,338.9988341437944,157.3888888888889,84.0000000000003,-42.00000000000015,-79.33333333333468,-42.00000000000015,1.3130829756846698e-10,-6.565414878423349e-11,-1.2414602679200514e-10,-6.565414878423349e-11
152.0,-76.0,-143.55555555555557,-76.0,0.0,4.6459713025618194,1.0,2.0,0.011904761904761862,1.9131251908755609,-116.10904467186845,336.4682441261773,156.44444444444446,84.0000000000003,-42.00000000000015,-79.33333333333468,-42.00000000000015,0.0,0.0,0.0,0.0
153.0,-76.5,-144.50000000000003,-76.5,0.0,4.6320714051711445,1.0,2.0,0.011904761904761862,1.9250299527803227,-119.83996387369724,333.8905800473285,155.5,84.0000000000003,-42.00000000000015,-79.33333333333468,-42.00000000000015,0.0,0.0,0.0,0.0
154.0,-77.0,-145.44444444444449,-77.0,0.0,4.618099823078006,1.0,2.0,0.011904761904761862,1.9369347146850846,-123.52104567386723,331.26674555412427,154.55555555555554,84.0000000000003,-42.00000000000015,-79.33333333333468,-42.00000000000015,0.0,0.0,0.0,0.0
155.0,-77.5,-146.38888888888894,-77.5,0.0,4.604056972523685,1.0,2.0,0.011904761904762085,1.9488394765898467,-127.15165392280431,328.5976541281233,153.6111111111111,83.99999999999874,-41.99999999999937,-79.3333333333332,-41.99999999999937,-1.3130829756846452e-10,6.565414878423226e-11,1.2414602679200282e-10,6.565414878423226e-11
156.0,-78.0,-147.3333333333334,-78.0,0.0,4.589943273716499,1.0,2.0,0.011904761904761862,1.9607442384946085,-130.73116882408036,325.8842287986115,152.66666666666663,84.0000000000003,-42.00000000000015,-79.33333333333468,-42.00000000000015,1.3130829756846698e-10,-6.565414878423349e-11,-1.2414602679200514e-10,-6.565414878423349e-11
157.0,-78.5,-148.27777777777786,-78.5,0.0,4.575759150874746,1.0,2.0,0.011904761904761862,1.9726490003993704,-134.25898708618874,323.1274018530622,151.72222222222217,84.0000000000003,-42.00000000000015,-79.33333333333468,-42.00000000000015,0.0,0.0,0.0,0.0
158.0,-79.0,-149.2222222222223,-79.0,0.0,4.561505032273042,1.0,2.0,0.011904761904761862,1.9845537623041323,-137.73452206922127,320.3281145450984,150.77777777777771,84.0000000000003,-42.00000000000015,-79.33333333333468,-42.00000000000015,0.0,0.0,0.0,0.0
159.0,-79.5,-150.16666666666677,-79.5,0.0,4.547181350287922,1.0,2.0,0.011904761904761862,1.9964585242088941,-141.15720392640355,317.4873168000487,149.83333333333326,84.0000000000003,-42.00000000000015,-79.33333333333468,-42.00000000000015,0.0,0.0,0.0,0.0
160.0,-80.0,-151.11111111111123,-80.0,0.0,4.532788541446158,1.0,2.0,0.011904761904761862,2.008363286113656,-144.5264797404491,314.6059669181858,148.8888888888888,84.0000000000003,-42.00000000000015,-79.33333333333468,-42.00000000000015,0.0,0.0,0.0,0.0
161.0,-80.5,-152.05555555555569,-80.5,0.0,4.518327046474055,1.0,2.0,0.011904761904762307,2.0202680480184183,-147.84181365469396,311.6850312757392,147.94444444444434,83.99999999999717,-41.999999999998586,-79.33333333333172,-41.999999999998586,-2.626165951369242e-10,1.313082975684621e-10,2.4829205358400103e-10,1.313082975684621e-10
162.0,-81.0,-153.00000000000014,-81.0,0.0,4.503797310346785,1.0,2.0,0.011904761904761862,2.03217280992318,-151.10268699897304,308.72548402377396,146.9999999999999,84.0000000000003,-42.00000000000015,-79.33333333333468,-42.00000000000015,2.6261659513693396e-10,-1.3130829756846698e-10,-2.482920535840103e-10,-1.3130829756846698e-10
163.0,-81.5,-153.9444444444446,-81.5,0.0,4.489199782341067,1.0,2.0,0.011904761904761862,2.044077571827942,-154.30859841020444,305.7283067850266,146.05555555555543,84.0000000000003,-42.00000000000015,-79.33333333333468,-42.00000000000015,0.0,0.0,0.0,0.0
164.0,-82.0,-154.88888888888906,-82.0,0.0,4.4745349160881105,1.0,2.0,0.011904761904761862,2.055982333732704,-157.45906394764737,302.69448834879245,145.11111111111097,84.0000000000003,-42.00000000000015,-79.33333333333468,-42.00000000000015,0.0,0.0,0.0,0.0
165.0,-82.5,-155.8333333333335,-82.5,0.0,4.459803169628191,1.0,2.0,0.011904761904761862,2.0678870956374658,-160.55361720280078,299.6250243639568,144.16666666666652,84.0000000000003,-42.00000000000015,-79.33333333333468,-42.00000000000015,0.0,0.0,0.0,0.0
166.0,-83.0,-156.77777777777797,-83.0,0.0,4.445005005466603,1.0,2.0,0.011904761904761862,2.0797918575422276,-163.5918094039125,296.52091703026406,143.22222222222206,84.0000000000003,-42.00000000000015,-79.33333333333468,-42.00000000000015,0.0,0.0,0.0,0.0
167.0,-83.5,-157.72222222222243,-83.5,0.0,4.430140890631609,1.0,2.0,0.011904761904761862,2.0916966194469895,-166.57320951507046,293.3831747879198,142.2777777777776,84.0000000000003,-42.00000000000015,-79.33333333333468,-42.00000000000015,0.0,0.0,0.0,0.0
168.0,-84.0,-158.66666666666688,-84.0,0.0,4.415211296733565,1.0,2.0,0.011904761904761862,2.1036013813517513,-169.49740432984783,290.21281200562015,141.33333333333314,84.0000000000003,-42.00000000000015,-79.33333333333468,-42.00000000000015,0.0,0.0,0.0,0.0
169.0,-84.5,-159.61111111111134,-84.5,0.0,4.400216700026019,1.0,2.0,0.011904761904761862,2.115506143256513,-172.36399855947684,287.0108486671037,140.3888888888887,84.0000000000003,-42.00000000000015,-79.33333333333468,-42.00000000000015,0.0,0.0,0.0,0.0
170.0,-85.0,-160.5555555555558,-85.0,0.0,4.385157581468069,1.0,2.0,0.011904761904761862,2.127410905161275,-175.17261491552713,283.7783100563224,139.44444444444423,84.0000000000003,-42.00000000000015,-79.33333333333468,-42.00000000000015,0.0,0.0,0.0,0.0
171.0,-85.5,-161.50000000000026,-85.5,0.0,4.3700344267882105,1.0,2.0,0.011904761904762307,2.1393156670660374,-177.92289418706633,280.5162264413282,138.49999999999977,83.99999999999717,-41.999999999998586,-79.33333333333172,-41.999999999998586,-2.626165951369242e-10,1.313082975684621e-10,2.4829205358400103e-10,1.313082975684621e-10
172.0,-86.0,-162.4444444444447,-86.0,0.0,4.3548477265516174,1.0,2.0,0.012080721723397136,2.1513963887894345,-180.61449531228277,277.22563275696916,137.55555555555532,82.77651144494676,-41.38825572247338,-78.17781636467298,-41.38825572247338,-101.27611437989154,50.63805718994577,95.64966358101077,50.63805718994577
173.0,-86.5,-163.38888888888917,-86.5,0.0,4.339597976226754,1.0,2.0,0.01283081301883815,2.1642272018082727,-183.24709544455024,273.90756828649626,136.61111111111086,77.93738390013196,-38.96869195006598,-73.60752923901451,-38.96869195006598,-377.1489412019342,188.5744706009671,356.1962222462746,188.5744706009671
174.0,-87.0,-164.33333333333363,-87.0,0.0,4.32428567625588,1.0,2.0,0.013785051423348182,2.178012253231621,-185.82039001291872,270.5630763421742,135.6666666666664,72.54234817769834,-36.27117408884917,-68.51221772338269,-36.27117408884917,-391.3685598078999,195.68427990394994,369.6258620407994,195.68427990394994
175.0,-87.5,-165.27777777777808,-87.5,0.0,4.3089113321267405,1.0,2.0,0.01499035208500299,2.193002605316624,-188.33409277701512,267.1932039449962,134.72222222222194,66.70957388655629,-33.35478694327814,-63.00348644841512,-33.35478694327814,-389.10188753854715,194.55094376927357,367.48511600863276,194.55094376927357
176.0,-88.0,-166.22222222222254,-88.0,0.0,4.293475454446081,1.0,2.0,0.01658098036073108,2.209583585677355,-190.78793587633962,263.799001503599,133.7777777777775,60.31006479980588,-30.15503239990294,-56.95950564426187,-30.15503239990294,-385.95480770886354,192.97740385443177,364.51287394726535,192.97740385443177
177.0,-88.5,-167.166666666667,-88.5,0.0,4.277978559015148,1.0,2.0,0.01882025823421163,2.2284038439115665,-193.18166987394656,260.3815224924781,132.83333333333303,53.134233736612146,-26.567116868306073,-50.182331862356584,-26.567116868306073,-381.2822849661778,190.6411424830889,360.099935801395,190.6411424830889
178.0,-89.0,-168.11111111111146,-89.0,0.0,4.2624211669082985,1.0,2.0,0.022324303263473233,2.2507281471750398,-195.51506379449836,256.941823129598,131.88888888888857,44.794231121030705,-22.397115560515353,-42.30566272541845,-22.397115560515353,-373.58400471235564,186.79200235617782,352.82933778389616,186.79200235617782
179.0,-89.5,-169.0555555555559,-89.5,0.0,4.246803804552472,1.0,2.0,0.0290935984439602,2.279821745619,-197.78790515668484,253.4809620534995,130.94444444444412,34.37182244493372,-17.18591122246686,-32.46227675354895,-17.18591122246686,-358.2371804633423,179.11859023167116,338.3351148820499,179.11859023167116
180.0,-90.0,-170.00000000000037,-90.0,0.0,4.231127003809608,1.0,2.0,0.07023815758921748,2.3500599032082174,-200.00000000000003,250.00000000000003,129.99999999999966,14.237275497008676,-7.118637748504338,-13.446315747175042,-7.118637748504338,-286.6610919050641,143.33054595253205,270.73547568811966,143.33054595253205
179.0,-89.5,-169.0555555555559,-89.5,0.0,4.231127003809608,1.0,3.0,0.0,2.3500599032082174,-197.78790515668484,253.4809620534995,130.94444444444412,0.0,0.0,0.0,0.0,0.0,0.0,0.0,0.0
178.0,-89.0,-168.11111111111146,-89.0,0.0,4.246803804552472,1.0,3.0,0.09933175838560555,2.449391661593823,-195.51506379449836,256.941823129598,131.88888888888857,-10.067273712381107,5.033636856190554,9.507980728360062,5.033636856190554,-101.34999999999968,50.67499999999984,95.71944444444543,50.67499999999984
177.0,-88.5,-167.166666666667,-88.5,0.0,4.2624211669082985,1.0,3.0,0.022324303263473316,2.4717159648572964,-193.18166987394656,260.3815224924781,132.83333333333303,-44.794231121030705,22.397115560515353,42.30566272541845,22.397115560515353,-1555.5673562932395,777.7836781466198,1469.1469476103014,777.7836781466198
176.0,-88.0,-166.22222222222254,-88.0,0.0,4.277978559015148,1.0,3.0,0.01882025823421192,2.4905362230915085,-190.78793587633962,263.799001503599,133.7777777777775,-53.13423373661089,26.567116868305444,50.1823318623554,26.567116868305444,-443.1396483401836,221.5698241700918,418.5207789879569,221.5698241700918
175.0,-87.5,-165.27777777777808,-87.5,0.0,4.293475454446081,1.0,3.0,0.016580980360730968,2.5071172034522395,-188.33409277701512,267.1932039449962,134.72222222222194,-60.31006479980588,30.15503239990294,56.95950564426187,30.15503239990294,-432.7748364137498,216.3874182068749,408.7317899463246,216.3874182068749
174.0,-87.0,-164.33333333333363,-87.0,0.0,4.3089113321267405,1.0,3.0,0.014990352085002934,2.5221075555372425,-185.82039001291872,270.5630763421742,135.6666666666664,-66.70957388655629,33.35478694327814,63.00348644841512,33.35478694327814,-426.9085242602646,213.4542621301323,403.19138402358914,213.4542621301323
173.0,-86.5,-163.38888888888917,-86.5,0.0,4.32428567625588,1.0,3.0,0.013785051423348016,2.5358926069605907,-183.24709544455024,273.90756828649626,136.61111111111086,-72.54234817769834,36.27117408884917,68.51221772338269,36.27117408884917,-423.12314346995487,211.56157173497743,399.6163021660738,211.56157173497743
172.0,-86.0,-162.4444444444447,-86.0,0.0,4.339597976226754,1.0,3.0,0.0128308130188384,2.5487234199794293,-180.61449531228277,277.22563275696916,137.55555555555532,-77.93738390012926,38.96869195006463,73.60752923901195,38.96869195006463,-420.47497025400975,210.23748512700487,397.1152496843473,210.23748512700487
171.0,-85.5,-161.50000000000026,-85.5,0.0,4.3548477265516174,1.0,3.0,0.012080721723397386,2.560804141702827,-177.92289418706633,280.5162264413282,138.49999999999977,-82.77651144494372,41.38825572247186,78.17781636467011,41.38825572247186,-400.5660965968765,200.28304829843825,378.31242456372115,200.28304829843825
170.0,-85.0,-160.5555555555558,-85.0,0.0,4.3700344267882105,1.0,3.0,0.011904761904761918,2.5727089036075887,-175.17261491552713,283.7783100563224,139.44444444444423,-84.0000000000003,42.00000000000015,79.33333333333468,42.00000000000015,-102.77303862475279,51.38651931237639,97.06342536782432,51.38651931237639
169.0,-84.5,-159.61111111111134,-84.5,0.0,4.385157581468069,1.0,3.0,0.01190476190476189,2.5846136655123506,-172.36399855947684,287.0108486671037,140.3888888888887,-84.0000000000003,42.00000000000015,79.33333333333468,42.00000000000015,0.0,0.0,0.0,0.0
168.0,-84.0,-158.66666666666688,-84.0,0.0,4.400216700026019,1.0,3.0,0.01190476190476189,2.5965184274171125,-169.49740432984783,290.21281200562015,141.33333333333314,-84.0000000000003,42.00000000000015,79.33333333333468,42.00000000000015,0.0,0.0,0.0,0.0
167.0,-83.5,-157.72222222222243,-83.5,0.0,4.415211296733565,1.0,3.0,0.011904761904761918,2.6084231893218743,-166.57320951507046,293.3831747879198,142.2777777777776,-84.0000000000003,42.00000000000015,79.33333333333468,42.00000000000015,0.0,0.0,0.0,0.0
166.0,-83.0,-156.77777777777797,-83.0,0.0,4.430140890631609,1.0,3.0,0.011904761904761918,2.620327951226636,-163.5918094039125,296.52091703026406,143.22222222222206,-84.0000000000003,42.00000000000015,79.33333333333468,42.00000000000015,0.0,0.0,0.0,0.0
165.0,-82.5,-155.8333333333335,-82.5,0.0,4.445005005466603,1.0,3.0,0.011904761904761918,2.632232713131398,-160.55361720280078,299.6250243639568,144.16666666666652,-84.0000000000003,42.00000000000015,79.33333333333468,42.00000000000015,0.0,0.0,0.0,0.0
164.0,-82.0,-154.88888888888906,-82.0,0.0,4.459803169628191,1.0,3.0,0.011904761904761862,2.64413747503616,-157.45906394764737,302.69448834879245,145.11111111111097,-84.0000000000003,42.00000000000015,79.33333333333468,42.00000000000015,0.0,0.0,0.0,0.0
163.0,-81.5,-153.9444444444446,-81.5,0.0,4.4745349160881105,1.0,3.0,0.011904761904761918,2.656042236940922,-154.30859841020444,305.7283067850266,146.05555555555543,-84.0000000000003,42.00000000000015,79.33333333333468,42.00000000000015,0.0,0.0,0.0,0.0
162.0,-81.0,-153.00000000000014,-81.0,0.0,4.489199782341067,1.0,3.0,0.011904761904761918,2.6679469988456836,-151.10268699897304,308.72548402377396,146.9999999999999,-84.0000000000003,42.00000000000015,79.33333333333468,42.00000000000015,0.0,0.0,0.0,0.0
161.0,-80.5,-152.05555555555569,-80.5,0.0,4.503797310346785,1.0,3.0,0.011904761904761862,2.6798517607504455,-147.84181365469396,311.6850312757392,147.94444444444434,-84.0000000000003,42.00000000000015,79.33333333333468,42.00000000000015,0.0,0.0,0.0,0.0
160.0,-80.0,-151.11111111111123,-80.0,0.0,4.518327046474055,1.0,3.0,0.011904761904761973,2.6917565226552074,-144.5264797404491,314.6059669181858,148.8888888888888,-84.0000000000003,42.00000000000015,79.33333333333468,42.00000000000015,0.0,0.0,0.0,0.0
159.0,-79.5,-150.16666666666677,-79.5,0.0,4.532788541446158,1.0,3.0,0.011904761904761862,2.7036612845599692,-141.15720392640355,317.4873168000487,149.83333333333326,-84.0000000000003,42.00000000000015,79.33333333333468,42.00000000000015,0.0,0.0,0.0,0.0
158.0,-79.0,-149.2222222222223,-79.0,0.0,4.547181350287922,1.0,3.0,0.011904761904761918,2.715566046464731,-137.73452206922127,320.3281145450984,150.77777777777771,-84.0000000000003,42.00000000000015,79.33333333333468,42.00000000000015,0.0,0.0,0.0,0.0
157.0,-78.5,-148.27777777777786,-78.5,0.0,4.561505032273042,1.0,3.0,0.011904761904761918,2.727470808369493,-134.25898708618874,323.1274018530622,151.72222222222217,-84.0000000000003,42.00000000000015,79.33333333333468,42.00000000000015,0.0,0.0,0.0,0.0
156.0,-78.0,-147.3333333333334,-78.0,0.0,4.575759150874746,1.0,3.0,0.011904761904761862,2.739375570274255,-130.73116882408036,325.8842287986115,152.66666666666663,-84.0000000000003,42.00000000000015,79.33333333333468,42.00000000000015,0.0,0.0,0.0,0.0
155.0,-77.5,-146.38888888888894,-77.5,0.0,4.589943273716499,1.0,3.0,0.011904761904761973,2.7512803321790167,-127.15165392280431,328.5976541281233,153.6111111111111,-84.0000000000003,42.00000000000015,79.33333333333468,42.00000000000015,0.0,0.0,0.0,0.0
154.0,-77.0,-145.44444444444449,-77.0,0.0,4.604056972523685,1.0,3.0,0.011904761904761862,2.7631850940837785,-123.52104567386723,331.26674555412427,154.55555555555554,-84.0000000000003,42.00000000000015,79.33333333333468,42.00000000000015,0.0,0.0,0.0,0.0
153.0,-76.5,-144.50000000000003,-76.5,0.0,4.618099823078006,1.0,3.0,0.011904761904761918,2.7750898559885404,-119.83996387369724,333.8905800473285,155.5,-84.0000000000003,42.00000000000015,79.33333333333468,42.00000000000015,0.0,0.0,0.0,0.0
152.0,-76.0,-143.55555555555557,-76.0,0.0,4.6320714051711445,1.0,3.0,0.011904761904761918,2.7869946178933023,-116.10904467186845,336.4682441261773,156.44444444444446,-84.0000000000003,42.00000000000015,79.33333333333468,42.00000000000015,0.0,0.0,0.0,0.0
151.0,-75.5,-142.61111111111111,-75.5,0.0,4.6459713025618194,1.0,3.0,0.011904761904761862,2.798899379798064,-112.32894041426884,338.9988341437944,157.3888888888889,-84.0000000000003,42.00000000000015,79.33333333333468,42.00000000000015,0.0,0.0,0.0,0.0
150.0,-75.0,-141.66666666666666,-75.0,0.0,4.659799102932362,1.0,3.0,0.011904761904761973,2.810804141702826,-108.50031948125762,341.48145657226706,158.33333333333337,-84.0000000000003,42.00000000000015,79.33333333333468,42.00000000000015,0.0,0.0,0.0,0.0
149.0,-74.5,-140.7222222222222,-74.5,0.0,4.673554397847101,1.0,3.0,0.011904761904761862,2.822708903607588,-104.62386612085827,343.91522828416663,159.27777777777783,-84.0000000000003,42.00000000000015,79.33333333333468,42.00000000000015,0.0,0.0,0.0,0.0
148.0,-74.0,-139.77777777777774,-74.0,0.0,4.687236782711045,1.0,3.0,0.011904761904761862,2.8346136655123497,-100.70028027703546,346.2992768312207,160.22222222222229,-84.0000000000003,42.00000000000015,79.33333333333468,42.00000000000015,0.0,0.0,0.0,0.0
147.0,-73.5,-138.8333333333333,-73.5,0.0,4.7008458567316795,1.0,3.0,0.011904761904761973,2.8465184274171116,-96.73027741310426,348.6327407200537,161.16666666666674,-84.0000000000003,42.00000000000015,79.33333333333468,42.00000000000015,0.0,0.0,0.0,0.0
146.0,-73.0,-137.88888888888883,-73.0,0.0,4.71438122287924,1.0,3.0,0.011904761904761862,2.8584231893218734,-92.71458833032419,350.91476968490826,162.1111111111112,-84.0000000000003,42.00000000000015,79.33333333333468,42.00000000000015,0.0,0.0,0.0,0.0
145.0,-72.5,-136.94444444444437,-72.5,0.0,4.7278424878492755,1.0,3.0,0.011904761904761973,2.8703279512266353,-88.65395898173007,353.14452495726596,163.05555555555566,-84.0000000000003,42.00000000000015,79.33333333333468,42.00000000000015,0.0,0.0,0.0,0.0
144.0,-72.0,-135.99999999999991,-72.0,0.0,4.741229262026907,1.0,3.0,0.011904761904761862,2.882232713131397,-84.54915028125262,355.32117953228305,164.0000000000001,-84.0000000000003,42.00000000000015,79.33333333333468,42.00000000000015,0.0,0.0,0.0,0.0
143.0,-71.5,-135.05555555555546,-71.5,0.0,4.754541159450349,1.0,3.0,0.011904761904761862,2.894137475036159,-80.40093790818563,357.44391843195945,164.94444444444457,-84.0000000000003,42.00000000000015,79.33333333333468,42.00000000000015,0.0,0.0,0.0,0.0
142.0,-71.0,-134.111111111111,-71.0,0.0,4.767777797777236,1.0,3.0,0.011904761904761973,2.906042236940921,-76.21011210705527,359.5119389649609,165.88888888888903,-84.0000000000003,42.00000000000015,79.33333333333468,42.00000000000015,0.0,0.0,0.0,0.0
141.0,-70.5,-133.16666666666654,-70.5,0.0,4.7809387982492595,1.0,3.0,0.011904761904761862,2.9179469988456828,-71.97747748295144,361.5244509830121,166.83333333333348,-84.0000000000003,42.00000000000015,79.33333333333468,42.00000000000015,0.0,0.0,0.0,0.0
140.0,-70.0,-132.2222222222221,-70.0,0.0,4.79402378566113,1.0,3.0,0.011904761904761862,2.9298517607504446,-67.70385279237846,363.480677133785,167.77777777777794,-84.0000000000003,42.00000000000015,79.33333333333468,42.00000000000015,0.0,0.0,0.0,0.0
139.0,-69.5,-131.27777777777763,-69.5,0.0,4.807032388327606,1.0,3.0,0.011904761904761973,2.9417565226552065,-63.39007072968761,365.3798531102009,168.7222222222224,-84.0000000000003,42.00000000000015,79.33333333333468,42.00000000000015,0.0,0.0,0.0,0.0
138.0,-69.0,-130.33333333333317,-69.0,0.0,4.819964238052455,1.0,3.0,0.011904761904761862,2.9536612845599683,-59.0369777091538,367.22122789607215,169.66666666666686,-84.0000000000003,42.00000000000015,79.33333333333468,42.00000000000015,0.0,0.0,0.0,0.0
137.0,-68.5,-129.38888888888872,-68.5,0.0,4.8328189700977395,1.0,3.0,0.011904761904761973,2.96556604646473,-54.645433642759855,369.0040640080058,170.6111111111113,-84.0000000000003,42.00000000000015,79.33333333333468,42.00000000000015,0.0,0.0,0.0,0.0
136.0,-68.0,-128.44444444444426,-68.0,0.0,4.845596223155464,1.0,3.0,0.011904761904761862,2.977470808369492,-50.21631171375233,370.7276377334963,171.55555555555577,-84.0000000000003,42.00000000000015,79.33333333333468,42.00000000000015,0.0,0.0,0.0,0.0
135.0,-67.5,-127.49999999999982,-67.5,0.0,4.8582956393173236,1.0,3.0,0.011904761904761862,2.989375570274254,-45.75049814603709,372.3912393651312,172.50000000000017,-84.0000000000003,42.00000000000015,79.33333333333348,42.00000000000015,0.0,0.0,-1.002717908704657e-10,0.0
134.0,-67.0,-126.55555555555537,-67.0,0.0,4.870916864047351,1.0,3.0,0.011904761904761973,3.001280332179016,-41.24889196948098,373.9941734308403,173.44444444444463,-84.0000000000003,42.00000000000015,79.33333333333348,42.00000000000015,0.0,0.0,0.0,0.0
133.0,-66.5,-125.61111111111093,-66.5,0.0,4.883459546154703,1.0,3.0,0.011904761904761862,3.0131850940837777,-36.712404781188155,375.5357589201151,174.38888888888908,-84.0000000000003,42.00000000000015,79.33333333333348,42.00000000000015,0.0,0.0,0.0,0.0
132.0,-66.0,-124.66666666666649,-66.0,0.0,4.895923337767121,1.0,3.0,0.011904761904761973,3.0250898559885395,-32.14196050282166,377.0153295061291,175.33333333333348,-84.0000000000003,42.00000000000015,79.33333333333348,42.00000000000015,0.0,0.0,0.0,0.0
131.0,-65.5,-123.72222222222204,-65.5,0.0,4.9083078943045075,1.0,3.0,0.011904761904761862,3.0369946178933014,-27.538495134041835,378.4322337636902,176.27777777777794,-84.0000000000003,42.00000000000015,79.33333333333348,42.00000000000015,0.0,0.0,0.0,0.0
130.0,-65.0,-122.7777777777776,-65.0,0.0,4.920612874454271,1.0,3.0,0.011904761904761862,3.0488993797980632,-22.90295650213309,379.7858353829581,177.2222222222224,-84.0000000000003,42.00000000000015,79.33333333333348,42.00000000000015,0.0,0.0,0.0,0.0
129.0,-64.5,-121.83333333333316,-64.5,0.0,4.932837940146054,1.0,3.0,0.011904761904761862,3.060804141702825,-18.236304007893718,381.07551337885934,178.16666666666686,-84.0000000000003,42.00000000000015,79.33333333333348,42.00000000000015,0.0,0.0,0.0,0.0
128.0,-64.0,-120.88888888888872,-64.0,0.0,4.944982756528508,1.0,3.0,0.011904761904761973,3.072708903607587,-13.539508367862336,382.3006622961361,179.1111111111113,-84.0000000000003,42.00000000000015,79.33333333333348,42.00000000000015,0.0,0.0,0.0,0.0
127.0,-63.5,-119.94444444444427,-63.5,0.0,4.9570469919458295,1.0,3.0,0.011904761904761862,3.084613665512349,-8.813551352957543,383.46069240996485,180.0555555555557,-84.0000000000003,42.00000000000015,79.33333333333348,42.00000000000015,0.0,0.0,0.0,0.0
126.0,-63.0,-118.99999999999983,-63.0,0.0,4.969030317914796,1.0,3.0,0.011904761904761973,3.0965184274171107,-4.059425523607952,384.5550299220814,181.00000000000017,-84.0000000000003,42.00000000000015,79.33333333333348,42.00000000000015,0.0,0.0,0.0,0.0
125.0,-62.5,-118.05555555555539,-62.5,0.0,4.980932409102488,1.0,3.0,0.011904761904761862,3.1084231893218726,0.721866038549327,385.5831171523538,181.94444444444463,-84.0000000000003,42.00000000000015,79.33333333333348,42.00000000000015,0.0,0.0,0.0,0.0
124.0,-62.0,-117.11111111111094,-62.0,0.0,4.9927529433049935,1.0,3.0,0.011904761904761862,3.1203279512266344,5.529310002323291,386.5444127257401,182.88888888888903,-84.0000000000003,42.00000000000015,79.33333333333348,42.00000000000015,0.0,0.0,0.0,0.0
123.0,-61.5,-116.1666666666665,-61.5,0.0,5.004491601427161,1.0,3.0,0.011904761904761973,3.1322327131313963,10.361883061896654,387.4383917545762,183.83333333333348,-84.0000000000003,42.00000000000015,79.33333333333348,42.00000000000015,0.0,0.0,0.0,0.0
122.0,-61.0,-115.22222222222206,-61.0,0.0,5.016148067460413,1.0,3.0,0.011904761904761862,3.144137475036158,15.21855221494325,388.2645460161342,184.77777777777794,-84.0000000000003,42.00000000000015,79.33333333333348,42.00000000000015,0.0,0.0,0.0,0.0
121.0,-60.5,-114.27777777777762,-60.5,0.0,5.027722028464275,1.0,3.0,0.011904761904761862,3.15604223694092,20.0982750438559,389.0223841253974,185.7222222222224,-84.0000000000003,42.00000000000015,79.33333333333348,42.00000000000015,0.0,0.0,0.0,0.0
120.0,-60.0,-113.33333333333317,-60.0,0.0,5.039213174546627,1.0,3.0,0.011904761904761973,3.167946998845682,24.999999999999993,389.71143170299746,186.66666666666686,-84.0000000000003,42.00000000000015,79.33333333333348,42.00000000000015,0.0,0.0,0.0,0.0
119.0,-59.5,-112.38888888888873,-59.5,0.0,5.0506211988442935,1.0,3.0,0.011904761904761862,3.1798517607504437,29.922666690908606,390.3312315382607,187.61111111111126,-84.0000000000003,42.00000000000015,79.33333333333348,42.00000000000015,0.0,0.0,0.0,0.0
118.0,-59.0,-111.44444444444429,-59.0,0.0,5.061945797505533,1.0,3.0,0.011904761904761973,3.1917565226552056,34.86520617033545,390.8813437473135,188.5555555555557,-84.0000000000003,42.00000000000015,79.33333333333348,42.00000000000015,0.0,0.0,0.0,0.0
117.0,-58.5,-110.49999999999984,-58.5,0.0,5.0731866696708545,1.0,3.0,0.011904761904761862,3.2036612845599675,39.82654123107782,391.36134592619663,189.50000000000017,-84.0000000000003,42.00000000000015,79.33333333333348,42.00000000000015,0.0,0.0,0.0,0.0
116.0,-58.0,-109.5555555555554,-58.0,0.0,5.084343517457221,1.0,3.0,0.011904761904761862,3.2155660464647293,44.8055867004857,391.77083329894,190.44444444444457,-84.0000000000003,42.00000000000015,79.33333333333348,42.00000000000015,0.0,0.0,0.0,0.0
115.0,-57.5,-108.61111111111096,-57.5,0.0,5.095416045939344,1.0,3.0,0.011904761904761973,3.227470808369491,49.801249738566064,392.1094188605515,191.38888888888903,-84.0000000000003,42.00000000000015,79.33333333333348,42.00000000000015,0.0,0.0,0.0,0.0
114.0,-57.0,-107.66666666666652,-57.0,0.0,5.106403963133926,1.0,3.0,0.011904761904761862,3.239375570274253,54.81243013859669,392.37673351487626,192.33333333333348,-84.0000000000003,42.00000000000015,79.33333333333348,42.00000000000015,0.0,0.0,0.0,0.0
113.0,-56.5,-106.72222222222207,-56.5,0.0,5.117306979983859,1.0,3.0,0.011904761904761973,3.251280332179015,59.83802063015977,392.57242620728016,193.27777777777794,-84.0000000000003,42.00000000000015,79.33333333333348,42.00000000000015,0.0,0.0,0.0,0.0
112.0,-56.0,-105.77777777777763,-56.0,0.0,5.128124810341562,1.0,3.0,0.011904761904761862,3.2631850940837768,64.87690718450425,392.696164052118,194.2222222222224,-84.0000000000003,42.00000000000015,79.33333333333348,42.00000000000015,0.0,0.0,0.0,0.0
111.0,-55.5,-104.83333333333319,-55.5,0.0,5.138857170954519,1.0,3.0,0.011904761904761862,3.2750898559885386,69.9279693221481,392.7476324549443,195.1666666666668,-84.0000000000003,42.00000000000015,79.33333333333348,42.00000000000015,0.0,0.0,0.0,0.0
110.0,-55.0,-103.88888888888874,-55.0,0.0,5.149503781449797,1.0,3.0,0.011904761904761973,3.2869946178933005,74.99008042262776,392.72653522942966,196.11111111111126,-84.0000000000003,42.00000000000015,79.33333333333348,42.00000000000015,0.0,0.0,0.0,0.0
109.0,-54.5,-102.9444444444443,-54.5,0.0,5.160064364319674,1.0,3.0,0.011904761904761862,3.2988993797980624,80.06210803630363,392.63259470894326,197.0555555555557,-84.0000000000003,42.00000000000015,79.33333333333348,42.00000000000015,0.0,0.0,0.0,0.0
108.0,-54.0,-101.99999999999986,-54.0,0.0,5.170538644907503,1.0,3.0,0.011904761904761862,3.310804141702824,85.1429141981288,392.46555185276765,198.0000000000001,-84.0000000000003,42.00000000000015,79.33333333333348,42.00000000000015,0.0,0.0,0.0,0.0
107.0,-53.5,-101.05555555555542,-53.5,0.0,5.180926351394078,1.0,3.0,0.011904761904761973,3.322708903607586,90.23135574328798,392.2251663469115,198.94444444444457,-84.0000000000003,42.00000000000015,79.33333333333348,42.00000000000015,0.0,0.0,0.0,0.0
106.0,-53.0,-100.11111111111097,-53.0,0.0,5.191227214783823,1.0,3.0,0.011904761904761862,3.334613665512348,95.32628462461226,391.91121669948706,199.88888888888903,-84.0000000000003,42.00000000000015,79.33333333333348,42.00000000000015,0.0,0.0,0.0,0.0
105.0,-52.5,-99.16666666666653,-52.5,0.0,5.201440968891766,1.0,3.0,0.011904761904761973,3.34651842741711,100.42654823167594,391.52350033062254,200.83333333333348,-84.0000000000003,42.00000000000015,79.33333333333348,42.00000000000015,0.0,0.0,0.0,0.0
104.0,-52.0,-98.22222222222209,-52.0,0.0,5.211567350331497,1.0,3.0,0.011904761904761973,3.3584231893218717,105.53098971148101,391.06183365687986,201.77777777777794,-84.0000000000003,42.00000000000015,79.33333333333348,42.00000000000015,0.0,0.0,0.0,0.0
103.0,-51.5,-97.27777777777764,-51.5,0.0,5.221606098501267,1.0,3.0,0.011904761904761862,3.3703279512266335,110.63844829063189,390.52605217015054,202.72222222222234,-84.0000000000003,42.00000000000015,79.33333333333348,42.00000000000015,0.0,0.0,0.0,0.0
102.0,-51.0,-96.3333333333332,-51.0,0.0,5.23155695557352,1.0,3.0,0.011904761904761862,3.3822327131313954,115.74775959890752,389.9160105110039,203.6666666666668,-84.0000000000003,42.00000000000015,79.33333333333348,42.00000000000015,0.0,0.0,0.0,0.0
101.0,-50.5,-95.38888888888876,-50.5,0.0,5.241419666481914,1.0,3.0,0.011904761904761862,3.3941374750361573,120.85775599413199,389.2315825364629,204.61111111111126,-84.0000000000003,42.00000000000015,79.33333333333348,42.00000000000015,0.0,0.0,0.0,0.0
100.0,-50.0,-94.44444444444431,-50.0,0.0,5.251193978910695,1.0,3.0,0.011904761904761862,3.406042236940919,125.9672668882487,388.4726613821862,205.55555555555566,-84.0000000000003,42.00000000000015,79.33333333333348,42.00000000000015,0.0,0.0,0.0,0.0
99.0,-49.5,-93.49999999999987,-49.5,0.0,5.26087964328271,1.0,3.0,0.011904761904762085,3.4179469988456814,131.07511907449964,387.63915951903533,206.5000000000001,-83.99999999999717,41.999999999998586,79.33333333333053,41.999999999998586,2.626165951369242e-10,-1.313082975684621e-10,-2.4829205358400103e-10,-1.313082975684621e-10
98.0,-49.0,-92.55555555555543,-49.0,0.0,5.2704764127492725,1.0,3.0,0.011904761904761862,3.4298517607504433,136.18013705561373,386.7310088040071,207.44444444444457,-84.0000000000003,42.00000000000015,79.33333333333348,42.00000000000015,-2.6261659513693396e-10,1.3130829756846698e-10,2.482920535840103e-10,1.3130829756846698e-10
97.0,-48.5,-91.61111111111099,-48.5,0.0,5.279984043178615,1.0,3.0,0.011904761904761862,3.441756522655205,141.28114337290484,385.74816052551495,208.38888888888903,-84.0000000000003,42.00000000000015,79.33333333333348,42.00000000000015,0.0,0.0,0.0,0.0
96.0,-48.0,-90.66666666666654,-48.0,0.0,5.2894022931469244,1.0,3.0,0.011904761904761862,3.453661284559967,146.37695893618383,384.6905854430033,209.33333333333348,-84.0000000000003,42.00000000000015,79.33333333333348,42.00000000000015,0.0,0.0,0.0,0.0
95.0,-47.5,-89.7222222222221,-47.5,0.0,5.298730923926896,1.0,3.0,0.011904761904761862,3.465566046464729,151.46640335438335,383.5582738208802,210.27777777777789,-84.0000000000003,42.00000000000015,79.33333333333348,42.00000000000015,0.0,0.0,0.0,0.0
94.0,-47.0,-88.77777777777766,-47.0,0.0,5.307969699478955,1.0,3.0,0.011904761904762085,3.4774708083694907,156.5482952667995,382.3512354567575,211.22222222222234,-84.0000000000003,42.00000000000015,79.33333333333348,42.00000000000015,0.0,0.0,0.0,0.0
93.0,-46.5,-87.83333333333321,-46.5,0.0,5.317118386440868,1.0,3.0,0.011904761904761862,3.4893755702742526,161.6214526748497,381.0694997039867,212.1666666666668,-84.0000000000003,42.00000000000015,79.33333333333348,42.00000000000015,0.0,0.0,0.0,0.0
92.0,-46.0,-86.88888888888877,-46.0,0.0,5.326176754119209,1.0,3.0,0.011904761904761862,3.5012803321790145,166.6846932742492,379.71311548848195,213.1111111111112,-84.0000000000003,42.00000000000015,79.33333333333348,42.00000000000015,0.0,0.0,0.0,0.0
91.0,-45.5,-85.94444444444433,-45.5,0.0,5.335144574479543,1.0,3.0,0.011904761904761862,3.5131850940837763,171.736834787506,378.2821513198237,214.05555555555566,-84.0000000000003,42.00000000000015,79.33333333333348,42.00000000000015,0.0,0.0,0.0,0.0
90.0,-45.0,-84.99999999999989,-45.0,0.0,5.344021622138884,1.0,3.0,0.011904761904761862,3.525089855988538,176.77669529663686,376.77669529663694,215.0000000000001,-84.0000000000003,42.00000000000015,79.33333333333348,42.00000000000015,0.0,0.0,0.0,0.0
89.0,-44.5,-84.05555555555544,-44.5,0.0,5.352807674355321,1.0,3.0,0.011904761904762085,3.5369946178933,181.80309357600203,375.19685510624106,215.94444444444457,-84.0000000000003,42.00000000000015,79.33333333333348,42.00000000000015,0.0,0.0,0.0,0.0
88.0,-44.0,-83.111111111111,-44.0,0.0,5.361502511021314,1.0,3.0,0.011904761904761862,3.548899379798062,186.814849425163,373.5427580185686,216.88888888888903,-84.0000000000003,42.00000000000015,79.33333333333348,42.00000000000015,0.0,0.0,0.0,0.0
87.0,-43.5,-82.16666666666656,-43.5,0.0,5.3701059146541485,1.0,3.0,0.011904761904761862,3.5608041417028238,191.81078400166066,371.8145508743533,217.83333333333343,-84.0000000000003,42.00000000000015,79.33333333333348,42.00000000000015,0.0,0.0,0.0,0.0
86.0,-43.0,-81.22222222222211,-43.0,0.0,5.378617670389476,1.0,3.0,0.011904761904761862,3.5727089036075856,196.78972015361768,370.0124000675895,218.77777777777789,-84.0000000000003,42.00000000000015,79.33333333333348,42.00000000000015,0.0,0.0,0.0,0.0
85.0,-42.5,-80.27777777777767,-42.5,0.0,5.38703756597224,1.0,3.0,0.011904761904761862,3.5846136655123475,201.7504827520626,368.1364915222643,219.72222222222234,-84.0000000000003,42.00000000000015,79.33333333333348,42.00000000000015,0.0,0.0,0.0,0.0
84.0,-42.0,-79.33333333333323,-42.0,0.0,5.3953653917502775,1.0,3.0,0.011904761904761862,3.5965184274171094,206.6918990228792,366.1870306633693,220.66666666666674,-84.0000000000003,42.00000000000015,79.33333333333348,42.00000000000015,0.0,0.0,0.0,0.0
83.0,-41.5,-78.38888888888879,-41.5,0.0,5.403600940665979,1.0,3.0,0.011904761904761862,3.6084231893218712,211.61279887828,364.1642423821988,221.6111111111112,-84.0000000000003,42.00000000000015,79.33333333333348,42.00000000000015,0.0,0.0,0.0,0.0
82.0,-41.0,-77.44444444444434,-41.0,0.0,5.411744008249968,1.0,3.0,0.011904761904762085,3.620327951226633,216.51201524770613,362.06837099594094,222.55555555555566,-84.0000000000003,42.00000000000015,79.33333333333348,42.00000000000015,0.0,0.0,0.0,0.0
81.0,-40.5,-76.4999999999999,-40.5,0.0,5.419794392613712,1.0,3.0,0.011904761904761862,3.632232713131395,221.38838440805392,359.8996802015735,223.5000000000001,-84.0000000000003,42.00000000000015,79.33333333333348,42.00000000000015,0.0,0.0,0.0,0.0
80.0,-40.0,-75.55555555555546,-40.0,0.0,5.4277518944432614,1.0,3.0,0.011904761904761862,3.644137475036157,226.24074631313056,357.65845302407644,224.44444444444454,-84.0000000000003,42.00000000000015,79.33333333333348,42.00000000000015,0.0,0.0,0.0,0.0
79.0,-39.5,-74.61111111111101,-39.5,0.0,5.4356163169920135,1.0,3.0,0.011904761904761862,3.6560422369409187,231.06794492223895,355.3449917589739,225.38888888888897,-84.0000000000003,42.00000000000015,79.33333333333348,42.00000000000015,0.0,0.0,0.0,0.0
78.0,-39.0,-73.66666666666657,-39.0,0.0,5.443387466074972,1.0,3.0,0.011904761904761862,3.6679469988456805,235.8688285277946,352.9596179092205,226.33333333333343,-84.0000000000003,42.00000000000015,79.33333333333348,42.00000000000015,0.0,0.0,0.0,0.0
77.0,-38.5,-72.72222222222213,-38.5,0.0,5.451065150061748,1.0,3.0,0.011904761904762085,3.6798517607504424,240.64225008187643,350.50267211645206,227.27777777777789,-84.0000000000003,42.00000000000015,79.33333333333348,42.00000000000015,0.0,0.0,0.0,0.0
76.0,-38.0,-71.77777777777769,-38.0,0.0,5.458649179871807,1.0,3.0,0.011904761904761862,3.6917565226552043,245.38706752161406,347.97451408661396,228.2222222222223,-84.0000000000003,42.00000000000015,79.33333333333348,42.00000000000015,0.0,0.0,0.0,0.0
75.0,-37.5,-70.83333333333324,-37.5,0.0,5.466139368966674,1.0,3.0,0.011904761904761862,3.703661284559966,250.10214409331292,345.3755225099939,229.16666666666674,-84.0000000000003,42.00000000000015,79.33333333333348,42.00000000000015,0.0,0.0,0.0,0.0
74.0,-37.0,-69.8888888888888,-37.0,0.0,5.47353553334629,1.0,3.0,0.011904761904761862,3.715566046464728,254.78634867522302,342.70609497567597,230.1111111111112,-84.0000000000003,42.00000000000015,79.33333333333348,42.00000000000015,0.0,0.0,0.0,0.0
73.0,-36.5,-68.94444444444436,-36.5,0.0,5.480837491541842,1.0,3.0,0.011904761904761862,3.72747080836949,259.4385560988516,339.9666478804424,231.05555555555566,-84.0000000000003,42.00000000000015,79.33333333333348,42.00000000000015,0.0,0.0,0.0,0.0
72.0,-36.0,-67.99999999999991,-36.0,0.0,5.488045064610895,1.0,3.0,0.011904761904762085,3.7393755702742517,264.0576474687263,337.1576163321491,232.00000000000009,-84.0000000000003,42.00000000000015,79.33333333333348,42.00000000000015,0.0,0.0,0.0,0.0
71.0,-35.5,-67.05555555555547,-35.5,0.0,5.4951580761325545,1.0,3.0,0.011904761904761862,3.7512803321790136,268.64251048051113,334.27945404759834,232.9444444444445,-84.0000000000003,42.00000000000015,79.33333333333348,42.00000000000015,0.0,0.0,0.0,0.0
70.0,-35.0,-66.11111111111103,-35.0,0.0,5.502176352201356,1.0,3.0,0.011904761904761862,3.7631850940837754,273.19203973738166,331.3326332449432,233.88888888888897,-84.0000000000003,42.00000000000015,79.33333333333348,42.00000000000015,0.0,0.0,0.0,0.0
69.0,-34.5,-65.16666666666659,-34.5,0.0,5.509099721423255,1.0,3.0,0.011904761904761862,3.7750898559885373,277.7051370645639,328.3176445306486,234.83333333333343,-84.0000000000003,42.00000000000015,79.33333333333348,42.00000000000015,0.0,0.0,0.0,0.0
68.0,-34.0,-64.22222222222214,-34.0,0.0,5.515928014910056,1.0,3.0,0.011904761904761862,3.786994617893299,282.1807118219428,325.23499678104423,235.77777777777786,-84.0000000000003,42.00000000000015,79.33333333333348,42.00000000000015,0.0,0.0,0.0,0.0
67.0,-33.5,-63.27777777777769,-33.5,0.0,5.52266106627507,1.0,3.0,0.011904761904762085,3.798899379798061,286.6176812146468,322.08521701850265,236.7222222222223,-84.0000000000003,42.00000000000015,79.33333333333408,42.00000000000015,0.0,0.0,5.013589543523285e-11,0.0
66.0,-33.0,-62.33333333333324,-33.0,0.0,5.529298711628214,1.0,3.0,0.011904761904761862,3.810804141702823,291.014970601516,318.868850282277,237.66666666666674,-84.0000000000003,42.00000000000015,79.33333333333408,42.00000000000015,0.0,0.0,0.0,0.0
65.0,-32.5,-61.38888888888879,-32.5,0.0,5.535840789572056,1.0,3.0,0.011904761904761862,3.8227089036075848,295.3715138013613,315.586459494036,238.6111111111112,-84.0000000000003,42.00000000000015,79.33333333333408,42.00000000000015,0.0,0.0,0.0,0.0
64.0,-32.0,-60.44444444444434,-32.0,0.0,5.542287141196604,1.0,3.0,0.011904761904761862,3.8346136655123466,299.6862533969219,312.2386253181347,239.55555555555566,-84.0000000000003,42.00000000000015,79.33333333333408,42.00000000000015,0.0,0.0,0.0,0.0
63.0,-31.5,-59.49999999999989,-31.5,0.0,5.548637610076215,1.0,3.0,0.011904761904761862,3.8465184274171085,303.9581410364323,308.8259460166608,240.5000000000001,-84.0000000000003,42.00000000000015,79.33333333333408,42.00000000000015,0.0,0.0,0.0,0.0
62.0,-31.0,-58.55555555555544,-31.0,0.0,5.554892042264308,1.0,3.0,0.011904761904761862,3.8584231893218703,308.1861377327062,305.34903729929897,241.44444444444457,-84.0000000000003,42.00000000000015,79.33333333333408,42.00000000000015,0.0,0.0,0.0,0.0
61.0,-30.5,-57.61111111111099,-30.5,0.0,5.561050286290201,1.0,3.0,0.011904761904762085,3.870327951226632,312.36921415964883,301.80853216805525,242.388888888889,-84.0000000000003,42.00000000000015,79.33333333333408,42.00000000000015,0.0,0.0,0.0,0.0
60.0,-30.0,-56.66666666666654,-30.0,0.0,5.5671121931549346,1.0,3.0,0.011904761904761862,3.882232713131394,316.50635094610965,298.20508075688775,243.33333333333346,-84.0000000000003,42.00000000000015,79.33333333333408,42.00000000000015,0.0,0.0,0.0,0.0
59.0,-29.5,-55.72222222222209,-29.5,0.0,5.573077616327372,1.0,3.0,0.011904761904761862,3.894137475036156,320.5965389669857,294.5393501662893,244.2777777777779,-84.0000000000003,42.00000000000015,79.33333333333408,42.00000000000015,0.0,0.0,0.0,0.0
58.0,-29.0,-54.777777777777644,-29.0,0.0,5.578946411740973,1.0,3.0,0.011904761904761862,3.906042236940918,324.63877963148985,290.8120242928695,245.22222222222234,-84.0000000000003,42.00000000000015,79.33333333333408,42.00000000000015,0.0,0.0,0.0,0.0
57.0,-28.5,-53.833333333333194,-28.5,0.0,5.584718437789723,1.0,3.0,0.011904761904761862,3.9179469988456797,328.6320851684968,287.02380365398693,246.1666666666668,-84.0000000000003,42.00000000000015,79.33333333333408,42.00000000000015,0.0,0.0,0.0,0.0
56.0,-28.0,-52.888888888888744,-28.0,0.0,5.5903935553243915,1.0,3.0,0.011904761904762085,3.9298517607504415,332.5754789088811,283.1754052074811,247.11111111111126,-84.0000000000003,42.00000000000015,79.33333333333408,42.00000000000015,0.0,0.0,0.0,0.0
55.0,-27.5,-51.944444444444294,-27.5,0.0,5.595971627650731,1.0,3.0,0.011904761904761862,3.9417565226552034,336.4679955647646,279.2675621665569,248.0555555555557,-84.0000000000003,42.00000000000015,79.33333333333408,42.00000000000015,0.0,0.0,0.0,0.0
54.0,-27.0,-50.999999999999844,-27.0,0.0,5.601452520524326,1.0,3.0,0.011904761904761862,3.9536612845599652,340.30868150558655,275.30102380987626,249.00000000000017,-84.0000000000003,42.00000000000015,79.33333333333408,42.00000000000015,0.0,0.0,0.0,0.0
53.0,-26.5,-50.055555555555394,-26.5,0.0,5.606836102148445,1.0,3.0,0.011904761904761862,3.965566046464727,344.096595030916,271.2765552869108,249.9444444444446,-84.0000000000003,42.00000000000015,79.33333333333408,42.00000000000015,0.0,0.0,0.0,0.0
52.0,-26.0,-49.111111111110944,-26.0,0.0,5.612122243170502,1.0,3.0,0.011904761904761862,3.977470808369489,347.8308066399234,267.19493741861385,250.88888888888906,-84.0000000000003,42.00000000000015,79.33333333333408,42.00000000000015,0.0,0.0,0.0,0.0
51.0,-25.5,-48.166666666666494,-25.5,0.0,5.617310816679994,1.0,3.0,0.011904761904762085,3.989375570274251,351.5103992974326,263.056966493468,251.8333333333335,-84.0000000000003,42.00000000000015,79.33333333333408,42.00000000000015,0.0,0.0,0.0,0.0
50.0,-25.0,-47.222222222222044,-25.0,0.0,5.622401698204194,1.0,3.0,0.011904761904761862,4.001280332179013,355.13446869647044,258.8634540589705,252.77777777777794,-84.0000000000003,42.00000000000015,79.33333333333408,42.00000000000015,0.0,0.0,0.0,0.0
49.0,-24.5,-46.277777777777594,-24.5,0.0,5.627394765706242,1.0,3.0,0.011904761904761862,4.0131850940837746,358.7021235172373,254.61522670861422,253.7222222222224,-84.0000000000003,42.00000000000015,79.33333333333408,42.00000000000015,0.0,0.0,0.0,0.0
48.0,-24.0,-45.333333333333144,-24.0,0.0,5.632289899582695,1.0,3.0,0.011904761904761862,4.025089855988536,362.21248568242186,250.3131258644289,254.66666666666686,-84.0000000000003,42.00000000000015,79.33333333333408,42.00000000000015,0.0,0.0,0.0,0.0
47.0,-23.5,-44.388888888888694,-23.5,0.0,5.637086982659744,1.0,3.0,0.011904761904761862,4.036994617893298,365.6646906087807,245.9580075551457,255.6111111111113,-84.0000000000003,42.00000000000015,79.33333333333408,42.00000000000015,0.0,0.0,0.0,0.0
46.0,-23.0,-43.444444444444244,-23.0,0.0,5.641785900191913,1.0,3.0,0.011904761904762085,4.04889937979806,369.0578874549095,241.5507421900487,256.55555555555577,-84.0000000000003,42.00000000000015,79.33333333333408,42.00000000000015,0.0,0.0,0.0,0.0
45.0,-22.5,-42.499999999999794,-22.5,0.0,5.646386539858483,1.0,3.0,0.011904761904761862,4.060804141702822,372.3912393651312,237.09221432858203,257.5000000000002,-84.0000000000003,42.00000000000015,79.33333333333408,42.00000000000015,0.0,0.0,0.0,0.0
44.0,-22.0,-41.555555555555344,-22.0,0.0,5.6508887917620605,1.0,3.0,0.011904761904761862,4.072708903607584,375.6639237094271,232.5833224457775,258.4444444444447,-84.0000000000003,42.00000000000015,79.33333333333408,42.00000000000015,0.0,0.0,0.0,0.0
43.0,-21.5,-40.611111111110894,-21.5,0.0,5.6552925484252805,1.0,3.0,0.011904761904761862,4.084613665512346,378.87513231934025,228.02497869357407,259.38888888888914,-84.0000000000003,42.00000000000015,79.33333333333408,42.00000000000015,0.0,0.0,0.0,0.0
42.0,-21.0,-39.666666666666444,-21.0,0.0,5.659597704789436,1.0,3.0,0.011904761904761862,4.096518427417108,382.02407171977933,223.4181086580968,260.33333333333354,-84.0000000000003,42.00000000000015,79.33333333333408,42.00000000000015,0.0,0.0,0.0,0.0
41.0,-20.5,-38.722222222221994,-20.5,0.0,5.663804158211746,1.0,3.0,0.011904761904761862,4.1084231893218695,385.1099633566538,218.76365111296838,261.277777777778,-84.0000000000003,42.00000000000015,79.33333333333408,42.00000000000015,0.0,0.0,0.0,0.0
40.0,-20.0,-37.777777777777544,-20.0,0.0,5.667911808463311,1.0,3.0,0.011904761904762085,4.120327951226631,388.1320438202727,214.06255776872507,262.22222222222246,-84.0000000000003,42.00000000000015,79.33333333333408,42.00000000000015,0.0,0.0,0.0,0.0
39.0,-19.5,-36.833333333333094,-19.5,0.0,5.671920557727054,1.0,3.0,0.011904761904761862,4.132232713131393,391.0895650644388,209.31579301841026,263.1666666666669,-84.0000000000003,42.00000000000015,79.33333333333408,42.00000000000015,0.0,0.0,0.0,0.0
38.0,-19.0,-35.888888888888644,-19.0,0.0,5.675830310596117,1.0,3.0,0.011904761904761862,4.144137475036155,393.98179462117366,204.52433367942086,264.11111111111137,-84.0000000000003,42.00000000000015,79.33333333333408,42.00000000000015,0.0,0.0,0.0,0.0
37.0,-18.5,-34.944444444444194,-18.5,0.0,5.67964097407119,1.0,3.0,0.011904761904761862,4.156042236940917,396.80801581100843,199.68916873168274,265.05555555555577,-84.0000000000003,42.00000000000015,79.33333333333408,42.00000000000015,0.0,0.0,0.0,0.0
36.0,-18.0,-33.999999999999744,-18.0,0.0,5.6833524575595336,1.0,3.0,0.011904761904761862,4.167946998845679,399.56752794877787,194.81129905223156,266.0000000000002,-84.0000000000003,42.00000000000015,79.33333333333408,42.00000000000015,0.0,0.0,0.0,0.0
35.0,-17.5,-33.055555555555294,-17.5,0.0,5.6869646728726,1.0,3.0,0.011904761904762085,4.179851760750441,402.2596465448551,189.89173714627753,266.9444444444447,-84.0000000000003,42.00000000000015,79.33333333333408,42.00000000000015,0.0,0.0,0.0,0.0
34.0,-17.0,-32.111111111110844,-17.0,0.0,5.690477534224125,1.0,3.0,0.011904761904761862,4.1917565226552025,404.88370350176723,184.93150687483362,267.88888888888914,-84.0000000000003,42.00000000000015,79.33333333333408,42.00000000000015,0.0,0.0,0.0,0.0
33.0,-16.5,-31.166666666666398,-16.5,0.0,5.693890958229422,1.0,3.0,0.011904761904761862,4.203661284559964,407.4390473061331,179.93164317898612,268.8333333333336,-84.0000000000003,42.00000000000015,79.33333333333378,42.00000000000015,0.0,0.0,-2.5067947717616425e-11,0.0
32.0,-16.0,-30.22222222222195,-16.0,0.0,5.697204863902608,1.0,3.0,0.011904761904761862,4.215566046464726,409.9250432158649,174.89319180089083,269.77777777777806,-84.0000000000003,42.00000000000015,79.33333333333378,42.00000000000015,0.0,0.0,0.0,0.0
31.0,-15.5,-29.277777777777505,-15.5,0.0,5.700419172655928,1.0,3.0,0.011904761904761862,4.227470808369488,412.3410734425782,169.81720900157512,270.7222222222225,-84.0000000000003,42.00000000000015,79.33333333333378,42.00000000000015,0.0,0.0,0.0,0.0
30.0,-15.0,-28.33333333333306,-15.0,0.0,5.703533808297816,1.0,3.0,0.011904761904762085,4.23937557027425,414.6865373291548,164.70476127563023,271.66666666666697,-84.0000000000003,42.00000000000015,79.33333333333378,42.00000000000015,0.0,0.0,0.0,0.0
29.0,-14.5,-27.388888888888612,-14.5,0.0,5.706548697031449,1.0,3.0,0.011904761904761862,4.251280332179012,416.9608515224061,159.5569250628778,272.6111111111114,-84.0000000000003,42.00000000000015,79.33333333333378,42.00000000000015,0.0,0.0,0.0,0.0
28.0,-14.0,-26.444444444444166,-14.0,0.0,5.709463767453797,1.0,3.0,0.011904761904761862,4.263185094083774,419.16345014078456,154.37478645709515,273.5555555555558,-84.0000000000003,42.00000000000015,79.33333333333378,42.00000000000015,0.0,0.0,0.0,0.0
27.0,-13.5,-25.49999999999972,-13.5,0.0,5.712278950553696,1.0,3.0,0.011904761904761862,4.2750898559885355,421.2937849370927,149.15944091188575,274.5000000000003,-84.0000000000003,42.00000000000015,79.33333333333378,42.00000000000015,0.0,0.0,0.0,0.0
26.0,-13.0,-24.555555555555273,-13.0,0.0,5.714994179711037,1.0,3.0,0.011904761904761862,4.286994617893297,423.35132545614226,143.9119929437818,275.44444444444474,-84.0000000000003,42.00000000000015,79.33333333333378,42.00000000000015,0.0,0.0,0.0,0.0
25.0,-12.5,-23.611111111110826,-12.5,0.0,5.717609390695301,1.0,3.0,0.011904761904762085,4.298899379798059,425.3355591873133,138.63355583266565,276.38888888888914,-84.0000000000003,42.00000000000015,79.33333333333378,42.00000000000015,0.0,0.0,0.0,0.0
24.0,-12.0,-22.66666666666638,-12.0,0.0,5.720124521664549,1.0,3.0,0.011904761904761862,4.310804141702821,427.24599171197156,133.32525131959991,277.3333333333336,-84.0000000000003,42.00000000000015,79.33333333333378,42.00000000000015,0.0,0.0,0.0,0.0
23.0,-11.5,-21.722222222221934,-11.5,0.0,5.722539513164152,1.0,3.0,0.011904761904761862,4.322708903607583,429.08214684569555,127.9882093021541,278.27777777777806,-84.0000000000003,42.00000000000015,79.33333333333378,42.00000000000015,0.0,0.0,0.0,0.0
22.0,-11.0,-20.777777777777487,-11.0,0.0,5.7248543081257335,1.0,3.0,0.011904761904761862,4.334613665512345,430.8435667752735,122.62356752731867,279.2222222222225,-84.0000000000003,42.00000000000015,79.33333333333378,42.00000000000015,0.0,0.0,0.0,0.0
21.0,-10.5,-19.83333333333304,-10.5,0.0,5.727068851866401,1.0,3.0,0.011904761904761862,4.346518427417107,432.52981219042897,117.23247128209698,280.16666666666697,-84.0000000000003,42.00000000000015,79.33333333333378,42.00000000000015,0.0,0.0,0.0,0.0
20.0,-10.0,-18.888888888888594,-10.0,0.0,5.729183092087411,1.0,3.0,0.011904761904761862,4.358423189321869,434.1404624102337,111.81607308186638,281.1111111111114,-84.0000000000003,42.00000000000015,79.33333333333378,42.00000000000015,0.0,0.0,0.0,0.0
19.0,-9.5,-17.944444444444148,-9.5,0.0,5.731196978873383,1.0,3.0,0.011904761904762307,4.370327951226631,435.67511550417123,106.3755323566008,282.0555555555559,-83.99999999999403,41.999999999997016,79.33333333332786,41.999999999997016,5.264269020699056e-10,-2.632134510349528e-10,-4.977778189640604e-10,-2.632134510349528e-10
18.0,-9.0,-16.9999999999997,-9.0,0.0,5.733110464691587,1.0,3.0,0.011904761904761862,4.382232713131393,437.1333884078151,100.91201513504724,283.0000000000003,-84.0000000000003,42.00000000000015,79.33333333333378,42.00000000000015,-5.264269020699449e-10,2.6321345103497244e-10,4.977778189640975e-10,2.6321345103497244e-10
17.0,-8.5,-16.055555555555255,-8.5,0.0,5.73492350439086,1.0,3.0,0.011904761904761862,4.394137475036155,438.51491703308625,95.42669372695006,283.94444444444474,-84.0000000000003,42.00000000000015,79.33333333333378,42.00000000000015,0.0,0.0,0.0,0.0
16.0,-8.0,-15.111111111110809,-8.0,0.0,5.736636055201075,1.0,3.0,0.011904761904761862,4.406042236940917,439.8193563730564,89.92074640341625,284.8888888888892,-84.0000000000003,42.00000000000015,79.33333333333378,42.00000000000015,0.0,0.0,0.0,0.0
15.0,-7.5,-14.166666666666362,-7.5,0.0,5.738248076731932,1.0,3.0,0.011904761904761862,4.417946998845679,441.04638060126626,84.3953570755171,285.8333333333336,-84.0000000000003,42.00000000000015,79.33333333333378,42.00000000000015,0.0,0.0,0.0,0.0
14.0,-7.0,-13.222222222221916,-7.0,0.0,5.739759530972962,1.0,3.0,0.011904761904761862,4.429851760750441,442.1956831655298,78.85171497122047,286.77777777777806,-84.0000000000003,42.00000000000015,79.33333333333378,42.00000000000015,0.0,0.0,0.0,0.0
13.0,-6.5,-12.27777777777747,-6.5,0.0,5.741170382292295,1.0,3.0,0.011904761904761862,4.4417565226552025,443.2669768761939,73.29101431074973,287.7222222222225,-84.0000000000003,42.00000000000015,79.33333333333378,42.00000000000015,0.0,0.0,0.0,0.0
12.0,-6.0,-11.333333333333023,-6.0,0.0,5.74248059743621,1.0,3.0,0.011904761904761862,4.453661284559964,444.2599939888295,67.71445398046528,288.66666666666697,-84.0000000000003,42.00000000000015,79.33333333333378,42.00000000000015,0.0,0.0,0.0,0.0
11.0,-5.5,-10.388888888888577,-5.5,0.0,5.743690145528642,1.0,3.0,0.011904761904761862,4.465566046464726,445.1744862813275,62.12323720536502,289.6111111111114,-84.0000000000003,42.00000000000015,79.33333333333378,42.00000000000015,0.0,0.0,0.0,0.0
10.0,-5.0,-9.44444444444413,-5.0,0.0,5.744798998070717,1.0,3.0,0.011904761904761862,4.477470808369488,446.010225125378,56.51857122030066,290.5555555555559,-84.0000000000003,42.00000000000015,79.33333333333378,42.00000000000015,0.0,0.0,0.0,0.0
9.0,-4.5,-8.499999999999684,-4.5,0.0,5.745807128939965,1.0,3.0,0.011904761904762307,4.48937557027425,446.7670015523096,50.901666940007466,291.50000000000034,-84.0000000000003,42.00000000000015,79.33333333333378,42.00000000000015,0.0,0.0,0.0,0.0
8.0,-4.0,-7.555555555555237,-4.0,0.0,5.746714514390245,1.0,3.0,0.012080721723397136,4.501456291997647,447.4446263132701,45.27373862804446,292.4444444444448,-82.7765114449498,41.3882557224749,78.17781636467498,41.3882557224749,101.27611437990232,-50.63805718995116,-95.649663581019,-50.63805718995116
7.0,-3.5,-6.611111111110791,-3.5,0.0,5.7475211330510785,1.0,3.0,0.01283081301883815,4.514287105016485,448.0429299337311,39.63600356474377,293.3888888888892,-77.93738390013196,38.96869195006598,73.60752923901367,38.96869195006598,377.14894120217116,-188.57447060108558,-356.1962222464961,-188.57447060108558
6.0,-3.0,-5.6666666666663446,-3.0,0.0,5.748226965927454,1.0,3.0,0.013785051423348182,4.528072156439833,448.56176276229814,33.98968171426671,294.33333333333366,-72.54234817769601,36.27117408884801,68.5122177233797,36.27117408884801,391.3685598080564,-195.6842799040282,-369.62586204094316,-195.6842799040282
5.0,-2.5,-4.722222222221898,-2.5,0.0,5.748831996399354,1.0,3.0,0.01499035208500299,4.543062508524836,449.00099501381357,28.335995390865694,295.2777777777781,-66.70957388655629,33.35478694327814,63.0034864484144,33.35478694327814,389.1018875383917,-194.55094376919584,-367.48511600848155,-194.55094376919584
4.0,-2.0,-3.7777777777774517,-2.0,0.0,5.74933621022162,1.0,3.0,0.01658098036073108,4.559643488885568,449.36051680673876,22.676168924450362,296.2222222222225,-60.31006479980426,30.15503239990213,56.9595056442597,30.15503239990213,385.9548077089509,-192.97740385447545,-364.512873947343,-192.97740385447545
3.0,-1.5,-2.8333333333330053,-1.5,0.0,5.749739595523664,1.0,3.0,0.01882025823421163,4.5784637471197795,449.64023819480406,17.011428325557112,297.16666666666697,-53.134233736612146,26.567116868306073,50.182331862356016,26.567116868306073,381.28228496609177,-190.64114248304588,-360.09993580131004,-190.64114248304588
2.0,-1.0,-1.8888888888885589,-1.0,0.0,5.750042142809201,1.0,3.0,0.022324303263473233,4.600788050383253,449.84008919291693,11.34300094982113,298.1111111111114,-44.794231121030705,22.397115560515353,42.305662725417974,22.397115560515353,373.58400471235564,-186.79200235617782,-352.8293377838921,-186.79200235617782
1.0,-0.5,-0.9444444444441124,-0.5,0.0,5.750243844956191,1.0,3.0,0.0290935984439602,4.629881648827213,449.9600197973211,5.672115162050245,299.0555555555559,-34.371822444933194,17.185911222466597,32.46227675354809,17.185911222466597,358.23718046335495,-179.11859023167747,-338.3351148820579,-179.11859023167747
0.0,0.0,3.341771304121721e-13,0.0,0.0,5.7503446972166685,1.0,3.0,0.07023815758921748,4.700119806416431,450.0,5.878304635907296e-14,300.00000000000034,-14.237275497008588,7.118637748504294,13.446315747174806,7.118637748504294,286.661091905056,-143.330545952528,-270.7354756881091,-143.330545952528
