Speed_%,Accel_%,Speed_abs,Accel_abs,CycleTime_s,OK,ErrorMsg,File,RowsWritten
10,10,42,192,9.008928654867312,1.0,,Speed10_Accel10_AllFourJoints.csv,361
10,20,42,405.4,8.778631391553832,1.0,,Speed10_Accel20_AllFourJoints.csv,361
10,30,42,595.6,8.71246286997796,1.0,,Speed10_Accel30_AllFourJoints.csv,361
10,40,42,790.3,8.677717363662305,1.0,,Speed10_Accel40_AllFourJoints.csv,361
10,50,42,975.1,8.657573619221587,1.0,,Speed10_Accel50_AllFourJoints.csv,361
10,60,42,1138.93,8.64518204092904,1.0,,Speed10_Accel60_AllFourJoints.csv,361
10,70,42,1295,8.636293468421421,1.0,,Speed10_Accel70_AllFourJoints.csv,361
10,80,42,1418,8.63066696602434,1.0,,Speed10_Accel80_AllFourJoints.csv,361
10,90,42,1520.4,8.626677219864106,1.0,,Speed10_Accel90_AllFourJoints.csv,361
10,100,42,1645.8,8.622467608312565,1.0,,Speed10_Accel100_AllFourJoints.csv,361
20,10,84,192,5.160714369153027,1.0,,Speed20_Accel10_AllFourJoints.csv,361
20,20,84,405.4,4.700119868543049,1.0,,Speed20_Accel20_AllFourJoints.csv,361
20,30,84,595.6,4.567782835438961,1.0,,Speed20_Accel30_AllFourJoints.csv,361
20,40,84,790.3,4.4982918290551925,1.0,,Speed20_Accel40_AllFourJoints.csv,361
20,50,84,975.1,4.4580043442754285,1.0,,Speed20_Accel50_AllFourJoints.csv,361
20,60,84,1138.93,4.433221190456604,1.0,,Speed20_Accel60_AllFourJoints.csv,361
20,70,84,1295,4.415444047571999,1.0,,Speed20_Accel70_AllFourJoints.csv,361
20,80,84,1418,4.404191044202859,1.0,,Speed20_Accel80_AllFourJoints.csv,361
20,90,84,1520.4,4.396211552934352,1.0,,Speed20_Accel90_AllFourJoints.csv,361
20,100,84,1645.8,4.387792330983259,1.0,,Speed20_Accel100_AllFourJoints.csv,361
30,10,126,192,4.169642940581599,1.0,,Speed30_Accel10_AllFourJoints.csv,361
30,20,126,405.4,3.4787512026751237,1.0,,Speed30_Accel20_AllFourJoints.csv,361
30,30,126,595.6,3.2802456580428183,1.0,,Speed30_Accel30_AllFourJoints.csv,361
30,40,126,790.3,3.1760091515909394,1.0,,Speed30_Accel40_AllFourJoints.csv,361
30,50,126,975.1,3.115577926472126,1.0,,Speed30_Accel50_AllFourJoints.csv,361
30,60,126,1138.93,3.0784031971270243,1.0,,Speed30_Accel60_AllFourJoints.csv,361
30,70,126,1295,3.051737483865436,1.0,,Speed30_Accel70_AllFourJoints.csv,361
30,80,126,1418,3.034857979524237,1.0,,Speed30_Accel80_AllFourJoints.csv,361
30,90,126,1520.4,3.022888743147454,1.0,,Speed30_Accel90_AllFourJoints.csv,361
30,100,126,1645.8,3.01025991079681,1.0,,Speed30_Accel100_AllFourJoints.csv,361
40,10,168,192,3.892857226295884,1.0,,Speed40_Accel10_AllFourJoints.csv,361
40,20,168,405.4,2.971668251092912,1.0,,Speed40_Accel20_AllFourJoints.csv,361
40,30,168,595.6,2.7069941949323892,1.0,,Speed40_Accel30_AllFourJoints.csv,361
40,40,168,790.3,2.568012188412399,1.0,,Speed40_Accel40_AllFourJoints.csv,361
40,50,168,975.1,2.4874372229545387,1.0,,Speed40_Accel50_AllFourJoints.csv,361
40,60,168,1138.93,2.43787091808316,1.0,,Speed40_Accel60_AllFourJoints.csv,361
40,70,168,1295,2.4023166344445865,1.0,,Speed40_Accel70_AllFourJoints.csv,361
40,80,168,1418,2.3798106291313297,1.0,,Speed40_Accel80_AllFourJoints.csv,361
40,90,168,1520.4,2.36385164764627,1.0,,Speed40_Accel90_AllFourJoints.csv,361
40,100,168,1645.8,2.3470132048960766,1.0,,Speed40_Accel100_AllFourJoints.csv,361
50,10,210,192,3.8729834296461583,1.0,,Speed50_Accel10_AllFourJoints.csv,361
50,20,210,405.4,2.750299585224986,1.0,,Speed50_Accel20_AllFourJoints.csv,361
50,30,210,595.6,2.4194570175362458,1.0,,Speed50_Accel30_AllFourJoints.csv,361
50,40,210,790.3,2.245729510948145,1.0,,Speed50_Accel40_AllFourJoints.csv,361
50,50,210,975.1,2.1450108051512364,1.0,,Speed50_Accel50_AllFourJoints.csv,361
50,60,210,1138.93,2.0830529247535816,1.0,,Speed50_Accel60_AllFourJoints.csv,361
50,70,210,1295,2.038610070738023,1.0,,Speed50_Accel70_AllFourJoints.csv,361
50,80,210,1418,2.010477564452708,1.0,,Speed50_Accel80_AllFourJoints.csv,361
50,90,210,1520.4,1.9905288378593717,1.0,,Speed50_Accel90_AllFourJoints.csv,361
50,100,210,1645.8,1.9694807847096278,1.0,,Speed50_Accel100_AllFourJoints.csv,361
60,10,252,192,3.8729834296461583,1.0,,Speed60_Accel10_AllFourJoints.csv,361
60,20,252,405.4,2.671788062214203,1.0,,Speed60_Accel20_AllFourJoints.csv,361
60,30,252,595.6,2.2747769829972455,1.0,,Speed60_Accel30_AllFourJoints.csv,361
60,40,252,790.3,2.0663039763410342,1.0,,Speed60_Accel40_AllFourJoints.csv,361
60,50,252,975.1,1.945441530205077,1.0,,Speed60_Accel50_AllFourJoints.csv,361
60,60,252,1138.93,1.8710920742811457,1.0,,Speed60_Accel60_AllFourJoints.csv,361
60,70,252,1295,1.8177606498886014,1.0,,Speed60_Accel70_AllFourJoints.csv,361
60,80,252,1418,1.7840016426312288,1.0,,Speed60_Accel80_AllFourJoints.csv,361
60,90,252,1520.4,1.7600631709296164,1.0,,Speed60_Accel90_AllFourJoints.csv,361
60,100,252,1645.8,1.734805507380322,1.0,,Speed60_Accel100_AllFourJoints.csv,361
70,10,294,192,3.8729834296461583,1.0,,Speed70_Accel10_AllFourJoints.csv,361
70,20,294,405.4,2.6653508263193437,1.0,,Speed70_Accel20_AllFourJoints.csv,361
70,30,294,595.6,2.21172960151947,1.0,,Speed70_Accel30_AllFourJoints.csv,361
70,40,294,790.3,1.9685110947951472,1.0,,Speed70_Accel40_AllFourJoints.csv,361
70,50,294,975.1,1.827504908320142,1.0,,Speed70_Accel50_AllFourJoints.csv,361
70,60,294,1138.93,1.7407638768699343,1.0,,Speed70_Accel60_AllFourJoints.csv,361
70,70,294,1295,1.6785438821004055,1.0,,Speed70_Accel70_AllFourJoints.csv,361
70,80,294,1418,1.6391583738709745,1.0,,Speed70_Accel80_AllFourJoints.csv,361
70,90,294,1520.4,1.6112301570610856,1.0,,Speed70_Accel90_AllFourJoints.csv,361
70,100,294,1645.8,1.581762883112241,1.0,,Speed70_Accel100_AllFourJoints.csv,361
80,10,336,192,3.8729834296461583,1.0,,Speed80_Accel10_AllFourJoints.csv,361
80,20,336,405.4,2.6653508263193437,1.0,,Speed80_Accel20_AllFourJoints.csv,361
80,30,336,595.6,2.198967996275475,1.0,,Speed80_Accel30_AllFourJoints.csv,361
80,40,336,790.3,1.9217386214125256,1.0,,Speed80_Accel40_AllFourJoints.csv,361
80,50,336,975.1,1.7605886945984723,1.0,,Speed80_Accel50_AllFourJoints.csv,361
80,60,336,1138.93,1.661456087621988,1.0,,Speed80_Accel60_AllFourJoints.csv,361
80,70,336,1295,1.5903475224754744,1.0,,Speed80_Accel70_AllFourJoints.csv,361
80,80,336,1418,1.5453355132739852,1.0,,Speed80_Accel80_AllFourJoints.csv,361
80,90,336,1520.4,1.5134175513558201,1.0,,Speed80_Accel90_AllFourJoints.csv,361
80,100,336,1645.8,1.479740667007425,1.0,,Speed80_Accel100_AllFourJoints.csv,361
90,10,378,192,3.8729834296461583,1.0,,Speed90_Accel10_AllFourJoints.csv,361
90,20,378,405.4,2.6653508263193437,1.0,,Speed90_Accel20_AllFourJoints.csv,361
90,30,378,595.6,2.198967996275475,1.0,,Speed90_Accel30_AllFourJoints.csv,361
90,40,378,790.3,1.9089750939352594,1.0,,Speed90_Accel40_AllFourJoints.csv,361
90,50,378,975.1,1.7276860863189798,1.0,,Speed90_Accel50_AllFourJoints.csv,361
90,60,378,1138.93,1.6161619038162187,1.0,,Speed90_Accel60_AllFourJoints.csv,361
90,70,378,1295,1.53616476829272,1.0,,Speed90_Accel70_AllFourJoints.csv,361
90,80,378,1418,1.485526258119173,1.0,,Speed90_Accel80_AllFourJoints.csv,361
90,90,378,1520.4,1.4496185510927315,1.0,,Speed90_Accel90_AllFourJoints.csv,361
90,100,378,1645.8,1.4117320563447855,1.0,,Speed90_Accel100_AllFourJoints.csv,361
100,10,420,192,3.8729834296461583,1.0,,Speed100_Accel10_AllFourJoints.csv,361
100,20,420,405.4,2.6653508263193437,1.0,,Speed100_Accel20_AllFourJoints.csv,361
100,30,420,595.6,2.198967996275475,1.0,,Speed100_Accel30_AllFourJoints.csv,361
100,40,420,790.3,1.9089750939352594,1.0,,Speed100_Accel40_AllFourJoints.csv,361
100,50,420,975.1,1.7185876042834691,1.0,,Speed100_Accel50_AllFourJoints.csv,361
100,60,420,1138.93,1.5946772438199732,1.0,,Speed100_Accel60_AllFourJoints.csv,361
100,70,420,1295,1.5057915379194897,1.0,,Speed100_Accel70_AllFourJoints.csv,361
100,80,420,1418,1.4495265267738846,1.0,,Speed100_Accel80_AllFourJoints.csv,361
100,90,420,1520.4,1.4096290746391666,1.0,,Speed100_Accel90_AllFourJoints.csv,361
100,100,420,1645.8,1.3675329694916702,1.0,,Speed100_Accel100_AllFourJoints.csv,361
