#Device;NPA101
#Device Name;NO NAME
#Format;LOG
#Date;2000-01-01
#Version;01.002-02.430-03.730
#Serial No.;000100329
#Mode;Unlimited
#Logging Interval[s];0.100
#Specified Logging Count;-----
#Specified Logging Time[s];-----
#Start Time;00:25:32
#Stop Time;00:26:14
#Actual Count;423         
URMS[V];IRMS[A];P[W];FPLL[Hz];URange[V];IRange[A];S[VA];Q[var];LAMBDA[];UTHD[%];Timestamp
237.89;0.749;0.0960E+03;49.891;300;20;0.1782E+03;0.1501E+03;0.539;1.78;00:25:32.000
237.86;0.743;0.0952E+03;49.891;300;20;0.1768E+03;0.1490E+03;0.538;1.78;00:25:32.100
237.87;0.751;0.0960E+03;49.891;300;20;0.1786E+03;0.1506E+03;0.538;1.78;00:25:32.200
237.88;0.747;0.0958E+03;49.890;300;20;0.1778E+03;0.1497E+03;0.539;1.78;00:25:32.300
237.86;0.745;0.0955E+03;49.890;300;20;0.1772E+03;0.1493E+03;0.539;1.79;00:25:32.400
237.89;0.748;0.0961E+03;49.891;300;20;0.1779E+03;0.1497E+03;0.540;1.78;00:25:32.500
237.89;0.745;0.0956E+03;49.890;300;20;0.1773E+03;0.1493E+03;0.539;1.77;00:25:32.600
237.88;0.757;0.0971E+03;49.890;300;20;0.1801E+03;0.1517E+03;0.539;1.76;00:25:32.700
237.89;0.751;0.0963E+03;49.889;300;20;0.1787E+03;0.1505E+03;0.539;1.77;00:25:32.800
237.88;0.749;0.0961E+03;49.888;300;20;0.1782E+03;0.1501E+03;0.539;1.79;00:25:32.900
237.89;0.739;0.0949E+03;49.888;300;20;0.1759E+03;0.1481E+03;0.540;1.76;00:25:33.000
237.88;0.749;0.0961E+03;49.888;300;20;0.1782E+03;0.1501E+03;0.539;1.78;00:25:33.100
237.88;0.747;0.0957E+03;49.888;300;20;0.1778E+03;0.1498E+03;0.538;1.77;00:25:33.200
237.86;0.746;0.0955E+03;49.888;300;20;0.1774E+03;0.1495E+03;0.538;1.78;00:25:33.300
237.85;0.743;0.0954E+03;49.888;300;20;0.1768E+03;0.1489E+03;0.540;1.78;00:25:33.400
237.86;0.750;0.0962E+03;49.886;300;20;0.1784E+03;0.1503E+03;0.539;1.79;00:25:33.500
237.87;0.736;0.0944E+03;49.887;300;20;0.1750E+03;0.1473E+03;0.539;1.78;00:25:33.600
237.89;0.750;0.0961E+03;49.887;300;20;0.1784E+03;0.1503E+03;0.539;1.77;00:25:33.700
237.78;1.426;0.1695E+03;49.886;300;20;0.3391E+03;0.2937E+03;0.500;1.81;00:25:33.800
237.19;3.975;0.5439E+03;49.888;300;20;0.9427E+03;0.7700E+03;0.577;2.06;00:25:33.900
237.25;3.865;0.5299E+03;49.887;300;20;0.9169E+03;0.7482E+03;0.578;1.91;00:25:34.000
237.89;0.595;0.0761E+03;49.887;300;20;0.1416E+03;0.1194E+03;0.537;1.78;00:25:34.100
237.87;0.593;0.0758E+03;49.888;300;20;0.1411E+03;0.1189E+03;0.537;1.77;00:25:34.200
237.88;0.592;0.0758E+03;49.888;300;20;0.1408E+03;0.1187E+03;0.538;1.77;00:25:34.300
237.87;0.592;0.0757E+03;49.888;300;20;0.1408E+03;0.1187E+03;0.538;1.76;00:25:34.400
237.89;0.742;0.0951E+03;49.888;300;20;0.1765E+03;0.1487E+03;0.539;1.80;00:25:34.500
237.91;0.752;0.0964E+03;49.889;300;20;0.1790E+03;0.1508E+03;0.538;1.80;00:25:34.600
237.91;0.743;0.0954E+03;49.888;300;20;0.1767E+03;0.1488E+03;0.540;1.78;00:25:34.700
237.95;0.757;0.0970E+03;49.889;300;20;0.1802E+03;0.1519E+03;0.538;1.78;00:25:34.800
237.95;0.745;0.0956E+03;49.888;300;20;0.1773E+03;0.1493E+03;0.539;1.79;00:25:34.900
237.96;0.749;0.0959E+03;49.889;300;20;0.1781E+03;0.1501E+03;0.538;1.76;00:25:35.000
237.94;0.754;0.0967E+03;49.888;300;20;0.1793E+03;0.1510E+03;0.539;1.79;00:25:35.100
237.94;0.742;0.0950E+03;49.888;300;20;0.1765E+03;0.1488E+03;0.538;1.80;00:25:35.200
237.53;3.032;0.3940E+03;49.888;300;20;0.7202E+03;0.6029E+03;0.547;1.88;00:25:35.300
237.21;4.321;0.6044E+03;49.888;300;20;1.0249E+03;0.8277E+03;0.590;2.07;00:25:35.400
237.57;2.482;0.3157E+03;49.888;300;20;0.5896E+03;0.4980E+03;0.535;1.87;00:25:35.500
237.99;0.610;0.0783E+03;49.887;300;20;0.1452E+03;0.1223E+03;0.539;1.77;00:25:35.600
237.94;0.595;0.0760E+03;49.887;300;20;0.1416E+03;0.1194E+03;0.537;1.77;00:25:35.700
237.95;0.591;0.0755E+03;49.888;300;20;0.1405E+03;0.1185E+03;0.537;1.77;00:25:35.800
237.96;0.594;0.0760E+03;49.888;300;20;0.1415E+03;0.1193E+03;0.537;1.76;00:25:35.900
237.92;0.695;0.0887E+03;49.887;300;20;0.1652E+03;0.1394E+03;0.537;1.77;00:25:36.000
237.91;0.753;0.0964E+03;49.887;300;20;0.1792E+03;0.1511E+03;0.538;1.79;00:25:36.100
237.93;0.743;0.0952E+03;49.886;300;20;0.1767E+03;0.1489E+03;0.538;1.81;00:25:36.200
237.93;0.749;0.0958E+03;49.884;300;20;0.1782E+03;0.1502E+03;0.538;1.81;00:25:36.300
237.94;0.749;0.0958E+03;49.885;300;20;0.1781E+03;0.1502E+03;0.538;1.80;00:25:36.400
237.91;0.753;0.0965E+03;49.884;300;20;0.1792E+03;0.1510E+03;0.539;1.79;00:25:36.500
237.92;0.745;0.0955E+03;49.886;300;20;0.1772E+03;0.1493E+03;0.539;1.80;00:25:36.600
237.93;0.748;0.0959E+03;49.886;300;20;0.1780E+03;0.1500E+03;0.539;1.80;00:25:36.700
237.87;1.195;0.1439E+03;49.886;300;20;0.2842E+03;0.2451E+03;0.506;1.86;00:25:36.800
237.39;3.367;0.4559E+03;49.886;300;20;0.7994E+03;0.6566E+03;0.570;2.03;00:25:36.900
237.61;2.307;0.2975E+03;49.887;300;20;0.5481E+03;0.4604E+03;0.543;1.93;00:25:37.000
237.90;0.636;0.0813E+03;49.886;300;20;0.1513E+03;0.1276E+03;0.537;1.79;00:25:37.100
237.90;0.595;0.0761E+03;49.887;300;20;0.1415E+03;0.1194E+03;0.537;1.78;00:25:37.200
237.91;0.593;0.0758E+03;49.888;300;20;0.1411E+03;0.1190E+03;0.537;1.78;00:25:37.300
237.90;0.670;0.0855E+03;49.888;300;20;0.1594E+03;0.1346E+03;0.537;1.75;00:25:37.400
237.86;0.751;0.0961E+03;49.890;300;20;0.1787E+03;0.1506E+03;0.538;1.78;00:25:37.500
237.93;0.757;0.0969E+03;49.890;300;20;0.1802E+03;0.1519E+03;0.538;1.78;00:25:37.600
237.92;0.740;0.0949E+03;49.888;300;20;0.1760E+03;0.1483E+03;0.539;1.76;00:25:37.700
237.93;0.757;0.0969E+03;49.888;300;20;0.1802E+03;0.1519E+03;0.538;1.77;00:25:37.800
237.93;0.759;0.0969E+03;49.888;300;20;0.1805E+03;0.1523E+03;0.537;1.77;00:25:37.900
237.91;0.740;0.0946E+03;49.888;300;20;0.1762E+03;0.1486E+03;0.537;1.78;00:25:38.000
237.91;0.756;0.0968E+03;49.889;300;20;0.1799E+03;0.1516E+03;0.538;1.79;00:25:38.100
237.90;0.755;0.0965E+03;49.888;300;20;0.1797E+03;0.1516E+03;0.537;1.78;00:25:38.200
237.67;1.986;0.2425E+03;49.888;300;20;0.4721E+03;0.4050E+03;0.514;1.87;00:25:38.300
237.26;3.850;0.5325E+03;49.888;300;20;0.9134E+03;0.7421E+03;0.583;1.97;00:25:38.400
237.75;1.623;0.1888E+03;49.888;300;20;0.3860E+03;0.3366E+03;0.489;1.88;00:25:38.500
237.91;0.595;0.0760E+03;49.888;300;20;0.1415E+03;0.1194E+03;0.537;1.76;00:25:38.600
237.90;0.595;0.0758E+03;49.889;300;20;0.1416E+03;0.1196E+03;0.536;1.76;00:25:38.700
237.91;0.596;0.0761E+03;49.888;300;20;0.1418E+03;0.1197E+03;0.536;1.75;00:25:38.800
237.88;0.724;0.0923E+03;49.887;300;20;0.1722E+03;0.1454E+03;0.536;1.78;00:25:38.900
237.93;0.758;0.0968E+03;49.887;300;20;0.1802E+03;0.1520E+03;0.537;1.78;00:25:39.000
237.93;0.741;0.0947E+03;49.887;300;20;0.1764E+03;0.1488E+03;0.537;1.78;00:25:39.100
237.89;0.753;0.0961E+03;49.886;300;20;0.1791E+03;0.1512E+03;0.536;1.77;00:25:39.200
237.88;0.743;0.0948E+03;49.886;300;20;0.1768E+03;0.1492E+03;0.536;1.78;00:25:39.300
237.87;0.744;0.0950E+03;49.885;300;20;0.1770E+03;0.1493E+03;0.537;1.78;00:25:39.400
237.81;0.743;0.0949E+03;49.883;300;20;0.1766E+03;0.1489E+03;0.537;1.79;00:25:39.500
237.89;0.757;0.0967E+03;49.882;300;20;0.1801E+03;0.1519E+03;0.537;1.78;00:25:39.600
237.85;0.769;0.0978E+03;49.881;300;20;0.1829E+03;0.1545E+03;0.535;1.76;00:25:39.700
237.63;1.971;0.2417E+03;49.881;300;20;0.4683E+03;0.4011E+03;0.516;1.83;00:25:39.800
237.36;3.338;0.4531E+03;49.883;300;20;0.7923E+03;0.6499E+03;0.572;1.94;00:25:39.900
237.54;2.439;0.3203E+03;49.883;300;20;0.5793E+03;0.4826E+03;0.553;1.85;00:25:40.000
237.89;0.627;0.0801E+03;49.883;300;20;0.1493E+03;0.1259E+03;0.537;1.77;00:25:40.100
237.88;0.596;0.0759E+03;49.884;300;20;0.1419E+03;0.1199E+03;0.535;1.74;00:25:40.200
237.88;0.596;0.0761E+03;49.884;300;20;0.1419E+03;0.1197E+03;0.536;1.74;00:25:40.300
237.87;0.658;0.0836E+03;49.883;300;20;0.1564E+03;0.1322E+03;0.535;1.74;00:25:40.400
237.87;0.767;0.0980E+03;49.884;300;20;0.1824E+03;0.1538E+03;0.537;1.76;00:25:40.500
237.86;0.746;0.0953E+03;49.882;300;20;0.1776E+03;0.1498E+03;0.537;1.78;00:25:40.600
237.86;0.752;0.0962E+03;49.881;300;20;0.1790E+03;0.1509E+03;0.538;1.76;00:25:40.700
237.90;0.752;0.0962E+03;49.880;300;20;0.1788E+03;0.1507E+03;0.538;1.77;00:25:40.800
237.91;0.750;0.0960E+03;49.878;300;20;0.1783E+03;0.1503E+03;0.539;1.77;00:25:40.900
237.92;0.747;0.0957E+03;49.878;300;20;0.1777E+03;0.1497E+03;0.539;1.77;00:25:41.000
237.93;0.749;0.0959E+03;49.876;300;20;0.1782E+03;0.1502E+03;0.538;1.78;00:25:41.100
237.91;0.755;0.0967E+03;49.874;300;20;0.1797E+03;0.1514E+03;0.538;1.77;00:25:41.200
237.67;2.153;0.2680E+03;49.874;300;20;0.5116E+03;0.4358E+03;0.524;1.81;00:25:41.300
237.38;3.275;0.4437E+03;49.876;300;20;0.7774E+03;0.6384E+03;0.571;2.00;00:25:41.400
237.53;2.391;0.3142E+03;49.875;300;20;0.5680E+03;0.4733E+03;0.553;1.91;00:25:41.500
237.67;1.904;0.2367E+03;49.877;300;20;0.4524E+03;0.3856E+03;0.523;1.80;00:25:41.600
237.87;0.596;0.0761E+03;49.877;300;20;0.1417E+03;0.1196E+03;0.537;1.77;00:25:41.700
237.91;0.596;0.0763E+03;49.880;300;20;0.1419E+03;0.1196E+03;0.538;1.76;00:25:41.800
237.89;0.690;0.0881E+03;49.880;300;20;0.1641E+03;0.1384E+03;0.537;1.77;00:25:41.900
237.87;0.746;0.0954E+03;49.880;300;20;0.1775E+03;0.1497E+03;0.537;1.76;00:25:42.000
237.89;0.752;0.0964E+03;49.881;300;20;0.1790E+03;0.1508E+03;0.539;1.76;00:25:42.100
237.91;0.754;0.0963E+03;49.881;300;20;0.1793E+03;0.1513E+03;0.537;1.76;00:25:42.200
237.89;0.739;0.0946E+03;49.882;300;20;0.1757E+03;0.1481E+03;0.538;1.75;00:25:42.300
237.90;0.749;0.0958E+03;49.881;300;20;0.1783E+03;0.1503E+03;0.538;1.76;00:25:42.400
237.90;0.748;0.0956E+03;49.881;300;20;0.1780E+03;0.1501E+03;0.537;1.77;00:25:42.500
237.86;0.739;0.0944E+03;49.881;300;20;0.1759E+03;0.1483E+03;0.537;1.75;00:25:42.600
237.86;0.744;0.0955E+03;49.881;300;20;0.1770E+03;0.1491E+03;0.539;1.76;00:25:42.700
237.88;0.744;0.0955E+03;49.881;300;20;0.1770E+03;0.1490E+03;0.539;1.77;00:25:42.800
237.73;1.544;0.1873E+03;49.880;300;20;0.3671E+03;0.3157E+03;0.510;1.91;00:25:42.900
237.62;2.177;0.2842E+03;49.879;300;20;0.5173E+03;0.4322E+03;0.549;1.85;00:25:43.000
237.62;2.042;0.2654E+03;49.880;300;20;0.4853E+03;0.4063E+03;0.547;1.84;00:25:43.100
237.73;1.467;0.1766E+03;49.880;300;20;0.3487E+03;0.3007E+03;0.506;1.79;00:25:43.200
237.88;0.597;0.0763E+03;49.880;300;20;0.1420E+03;0.1197E+03;0.537;1.76;00:25:43.300
237.88;0.691;0.0884E+03;49.880;300;20;0.1644E+03;0.1386E+03;0.538;1.75;00:25:43.400
237.86;0.752;0.0963E+03;49.880;300;20;0.1788E+03;0.1507E+03;0.539;1.76;00:25:43.500
237.88;0.756;0.0969E+03;49.880;300;20;0.1797E+03;0.1514E+03;0.539;1.76;00:25:43.600
237.87;0.743;0.0952E+03;49.880;300;20;0.1768E+03;0.1490E+03;0.538;1.75;00:25:43.700
237.81;0.746;0.0957E+03;49.880;300;20;0.1774E+03;0.1494E+03;0.539;1.76;00:25:43.800
237.80;0.750;0.0960E+03;49.881;300;20;0.1784E+03;0.1503E+03;0.538;1.76;00:25:43.900
237.79;0.754;0.0965E+03;49.882;300;20;0.1792E+03;0.1510E+03;0.538;1.77;00:25:44.000
237.83;0.754;0.0967E+03;49.881;300;20;0.1794E+03;0.1511E+03;0.539;1.76;00:25:44.100
237.83;0.751;0.0961E+03;49.880;300;20;0.1786E+03;0.1505E+03;0.538;1.77;00:25:44.200
237.90;0.746;0.0956E+03;49.881;300;20;0.1774E+03;0.1494E+03;0.539;1.77;00:25:44.300
237.84;1.103;0.1345E+03;49.882;300;20;0.2623E+03;0.2252E+03;0.513;1.79;00:25:44.400
237.51;2.711;0.3571E+03;49.882;300;20;0.6439E+03;0.5358E+03;0.555;1.92;00:25:44.500
237.65;2.061;0.2678E+03;49.881;300;20;0.4899E+03;0.4102E+03;0.547;1.85;00:25:44.600
237.69;1.832;0.2326E+03;49.881;300;20;0.4355E+03;0.3682E+03;0.534;1.84;00:25:44.700
237.93;0.639;0.0815E+03;49.881;300;20;0.1520E+03;0.1284E+03;0.536;1.75;00:25:44.800
237.94;0.594;0.0759E+03;49.881;300;20;0.1414E+03;0.1193E+03;0.537;1.73;00:25:44.900
237.90;0.744;0.0953E+03;49.881;300;20;0.1771E+03;0.1493E+03;0.538;1.75;00:25:45.000
237.90;0.748;0.0959E+03;49.880;300;20;0.1780E+03;0.1500E+03;0.539;1.74;00:25:45.100
237.90;0.746;0.0954E+03;49.881;300;20;0.1774E+03;0.1495E+03;0.538;1.75;00:25:45.200
237.94;0.753;0.0964E+03;49.880;300;20;0.1792E+03;0.1511E+03;0.538;1.76;00:25:45.300
237.88;0.745;0.0953E+03;49.879;300;20;0.1773E+03;0.1495E+03;0.537;1.76;00:25:45.400
237.90;0.757;0.0969E+03;49.879;300;20;0.1801E+03;0.1519E+03;0.538;1.76;00:25:45.500
237.95;0.748;0.0959E+03;49.879;300;20;0.1779E+03;0.1499E+03;0.539;1.78;00:25:45.600
237.93;0.747;0.0957E+03;49.879;300;20;0.1779E+03;0.1499E+03;0.538;20;00:25:45.700
237.90;0.735;0.0940E+03;49.878;300;20;0.1748E+03;0.1473E+03;0.538;1.75;00:25:45.800
237.93;0.754;0.0967E+03;49.879;300;20;0.1794E+03;0.1512E+03;0.539;1.76;00:25:45.900
237.80;1.478;0.1795E+03;49.879;300;20;0.3514E+03;0.3021E+03;0.511;1.82;00:25:46.000
237.59;2.407;0.3163E+03;49.880;300;20;0.5719E+03;0.4765E+03;0.553;1.86;00:25:46.100
237.71;1.815;0.2337E+03;49.881;300;20;0.4314E+03;0.3626E+03;0.542;1.84;00:25:46.200
237.72;1.814;0.2333E+03;49.880;300;20;0.4311E+03;0.3626E+03;0.541;1.82;00:25:46.300
237.91;0.993;0.1195E+03;49.880;300;20;0.2363E+03;0.2038E+03;0.506;1.77;00:25:46.400
237.97;0.591;0.0758E+03;49.882;300;20;0.1407E+03;0.1185E+03;0.539;1.76;00:25:46.500
237.92;0.740;0.0949E+03;49.882;300;20;0.1760E+03;0.1482E+03;0.539;1.76;00:25:46.600
237.94;0.752;0.0964E+03;49.883;300;20;0.1788E+03;0.1506E+03;0.539;1.77;00:25:46.700
237.94;0.749;0.0960E+03;49.884;300;20;0.1783E+03;0.1502E+03;0.539;1.76;00:25:46.800
237.93;0.747;0.0959E+03;49.884;300;20;0.1777E+03;0.1497E+03;0.539;1.76;00:25:46.900
237.94;0.752;0.0963E+03;49.885;300;20;0.1789E+03;0.1507E+03;0.538;1.76;00:25:47.000
237.92;0.738;0.0946E+03;49.884;300;20;0.1756E+03;0.1480E+03;0.539;1.76;00:25:47.100
237.91;0.755;0.0966E+03;49.884;300;20;0.1796E+03;0.1514E+03;0.538;1.78;00:25:47.200
237.90;0.752;0.0963E+03;49.884;300;20;0.1789E+03;0.1507E+03;0.538;1.76;00:25:47.300
237.88;0.741;0.0949E+03;49.883;300;20;0.1763E+03;0.1486E+03;0.538;1.78;00:25:47.400
237.89;0.766;0.0981E+03;49.882;300;20;0.1823E+03;0.1536E+03;0.538;1.78;00:25:47.500
237.75;1.651;0.2026E+03;49.883;20;20;0.3925E+03;0.3361E+03;0.516;1.86;00:25:47.600
237.59;2.367;0.3105E+03;49.884;300;20;0.5623E+03;0.4688E+03;0.552;1.84;00:25:47.700
237.70;1.817;0.2340E+03;49.884;300;20;0.4318E+03;0.3629E+03;0.542;1.84;00:25:47.800
237.71;1.804;0.2326E+03;49.883;300;20;0.4287E+03;0.3602E+03;0.543;1.85;00:25:47.900
237.91;0.843;0.1031E+03;49.881;300;20;0.2007E+03;0.1722E+03;0.514;1.77;00:25:48.000
237.93;0.603;0.0771E+03;49.882;300;20;0.1434E+03;0.1209E+03;0.538;1.76;00:25:48.100
237.91;0.745;0.0953E+03;49.881;300;20;0.1773E+03;0.1495E+03;0.538;1.78;00:25:48.200
237.90;0.746;0.0955E+03;49.882;300;20;0.1775E+03;0.1496E+03;0.538;1.77;00:25:48.300
237.91;0.748;0.0959E+03;49.884;300;20;0.1779E+03;0.1498E+03;0.539;1.77;00:25:48.400
237.90;0.750;0.0961E+03;49.883;300;20;0.1784E+03;0.1503E+03;0.539;1.78;00:25:48.500
237.92;0.738;0.0947E+03;49.883;300;20;0.1756E+03;0.1479E+03;0.539;1.79;00:25:48.600
237.91;0.751;0.0962E+03;49.883;300;20;0.1786E+03;0.1505E+03;0.539;1.78;00:25:48.700
237.95;0.753;0.0965E+03;49.882;300;20;0.1791E+03;0.1509E+03;0.539;1.78;00:25:48.800
237.93;0.745;0.0953E+03;49.882;300;20;0.1773E+03;0.1495E+03;0.538;1.79;00:25:48.900
237.94;0.745;0.0954E+03;49.883;300;20;0.1774E+03;0.1495E+03;0.538;1.81;00:25:49.000
237.93;0.746;0.0956E+03;49.882;300;20;0.1774E+03;0.1494E+03;0.539;1.80;00:25:49.100
237.88;1.162;0.1421E+03;49.882;300;20;0.2764E+03;0.2371E+03;0.514;1.81;00:25:49.200
237.70;2.017;0.2610E+03;49.883;300;20;0.4795E+03;0.4023E+03;0.544;1.88;00:25:49.300
237.79;1.602;0.2049E+03;49.882;300;20;0.3809E+03;0.3211E+03;0.538;1.87;00:25:49.400
237.77;1.577;0.2017E+03;49.881;300;20;0.3749E+03;0.3160E+03;0.538;1.88;00:25:49.500
237.73;1.583;0.2021E+03;49.881;300;20;0.3762E+03;0.3173E+03;0.537;1.86;00:25:49.600
237.81;1.151;0.1408E+03;49.880;300;20;0.2737E+03;0.2347E+03;0.514;1.79;00:25:49.700
237.87;0.734;0.0938E+03;49.880;300;20;0.1745E+03;0.1472E+03;0.537;1.80;00:25:49.800
237.88;0.743;0.0953E+03;49.880;300;20;0.1768E+03;0.1489E+03;0.539;1.80;00:25:49.900
237.89;0.756;0.0966E+03;49.878;300;20;0.1798E+03;0.1517E+03;0.537;1.80;00:25:50.000
237.88;0.747;0.0955E+03;49.878;300;20;0.1777E+03;0.1499E+03;0.537;1.77;00:25:50.100
237.89;0.756;0.0966E+03;49.878;300;20;0.1797E+03;0.1516E+03;0.537;1.81;00:25:50.200
237.82;0.744;0.0952E+03;49.878;300;20;0.1769E+03;0.1491E+03;0.538;1.79;00:25:50.300
237.73;0.740;0.0946E+03;49.877;300;20;0.1759E+03;0.1483E+03;0.538;1.78;00:25:50.400
237.76;0.755;0.0967E+03;49.878;300;20;0.1796E+03;0.1513E+03;0.538;1.78;00:25:50.500
237.80;0.742;0.0949E+03;49.878;300;20;0.1764E+03;0.1488E+03;0.538;1.77;00:25:50.600
237.80;0.752;0.0962E+03;49.878;300;20;0.1787E+03;0.1506E+03;0.538;1.78;00:25:50.700
237.81;0.745;0.0953E+03;49.878;300;20;0.1771E+03;0.1492E+03;0.538;1.80;00:25:50.800
237.70;1.447;0.1775E+03;49.879;300;20;0.3440E+03;0.2947E+03;0.516;1.87;00:25:50.900
237.66;1.620;0.2072E+03;49.880;300;20;0.3850E+03;0.3245E+03;0.538;1.87;00:25:51.000
237.64;1.605;0.2049E+03;49.880;300;20;0.3814E+03;0.3216E+03;0.537;1.85;00:25:51.100
237.66;1.594;0.2038E+03;49.879;300;20;0.3789E+03;0.3194E+03;0.538;1.87;00:25:51.200
237.66;1.589;0.2031E+03;49.879;300;20;0.3776E+03;0.3184E+03;0.538;1.88;00:25:51.300
237.75;0.906;0.1114E+03;49.879;300;20;0.2154E+03;0.1844E+03;0.517;1.80;00:25:51.400
237.84;0.753;0.0964E+03;49.879;300;20;0.1790E+03;0.1509E+03;0.538;1.81;00:25:51.500
237.82;0.753;0.0964E+03;49.876;300;20;0.1790E+03;0.1508E+03;0.538;1.81;00:25:51.600
237.83;0.742;0.0952E+03;49.875;300;20;0.1766E+03;0.1487E+03;0.539;1.80;00:25:51.700
237.78;0.739;0.0946E+03;49.874;300;20;0.1757E+03;0.1481E+03;0.539;1.80;00:25:51.800
237.78;0.746;0.0956E+03;49.874;300;20;0.1774E+03;0.1495E+03;0.539;1.80;00:25:51.900
237.79;0.752;0.0962E+03;49.872;300;20;0.1788E+03;0.1507E+03;0.538;1.80;00:25:52.000
237.80;0.744;0.0952E+03;49.872;300;20;0.1768E+03;0.1490E+03;0.539;1.81;00:25:52.100
237.77;0.747;0.0957E+03;49.872;300;20;0.1776E+03;0.1496E+03;0.539;1.81;00:25:52.200
237.78;0.749;0.0958E+03;49.872;300;20;0.1781E+03;0.1501E+03;0.538;1.83;00:25:52.300
237.77;0.752;0.0959E+03;49.872;300;20;0.1788E+03;0.1508E+03;0.537;1.82;00:25:52.400
237.77;0.760;0.0970E+03;49.870;300;20;0.1806E+03;0.1524E+03;0.537;1.83;00:25:52.500
237.75;1.179;0.1449E+03;49.871;300;20;0.2804E+03;0.2401E+03;0.517;1.88;00:25:52.600
237.66;1.427;0.1814E+03;49.872;300;20;0.3391E+03;0.2865E+03;0.535;1.86;00:25:52.700
237.67;1.398;0.1770E+03;49.871;300;20;0.3322E+03;0.2811E+03;0.533;1.86;00:25:52.800
237.66;1.387;0.1756E+03;49.870;300;20;0.3297E+03;0.2791E+03;0.532;1.86;00:25:52.900
237.65;1.380;0.1746E+03;49.870;300;20;0.3280E+03;0.2777E+03;0.532;1.86;00:25:53.000
237.66;1.320;0.1664E+03;49.870;300;20;0.3137E+03;0.2659E+03;0.530;1.84;00:25:53.100
237.75;0.699;0.0892E+03;49.871;300;20;0.1661E+03;0.1401E+03;0.537;1.84;00:25:53.200
237.75;0.739;0.0942E+03;49.871;300;20;0.1758E+03;0.1484E+03;0.536;1.83;00:25:53.300
237.75;0.758;0.0967E+03;49.871;300;20;0.1803E+03;0.1521E+03;0.536;1.80;00:25:53.400
237.80;0.760;0.0973E+03;49.871;300;20;0.1808E+03;0.1524E+03;0.538;1.80;00:25:53.500
237.77;0.742;0.0948E+03;49.871;300;20;0.1764E+03;0.1488E+03;0.537;1.79;00:25:53.600
237.76;0.748;0.0956E+03;49.871;300;20;0.1778E+03;0.1499E+03;0.538;1.80;00:25:53.700
237.77;0.753;0.0963E+03;49.872;300;20;0.1791E+03;0.1510E+03;0.538;1.80;00:25:53.800
237.77;0.749;0.0958E+03;49.873;300;20;0.1780E+03;0.1500E+03;0.538;1.78;00:25:53.900
237.76;0.752;0.0963E+03;49.874;300;20;0.1789E+03;0.1507E+03;0.538;1.80;00:25:54.000
237.78;0.740;0.0949E+03;49.873;300;20;0.1759E+03;0.1481E+03;0.539;1.80;00:25:54.100
237.78;0.741;0.0949E+03;49.873;300;20;0.1761E+03;0.1483E+03;0.539;1.82;00:25:54.200
237.72;1.078;0.1326E+03;49.873;300;20;0.2562E+03;0.2192E+03;0.518;1.82;00:25:54.300
237.58;1.665;0.2126E+03;49.872;300;20;0.3956E+03;0.3337E+03;0.537;1.89;00:25:54.400
237.63;1.415;0.1804E+03;49.873;300;20;0.3363E+03;0.2838E+03;0.536;1.88;00:25:54.500
237.69;1.403;0.1784E+03;49.873;300;20;0.3334E+03;0.2817E+03;0.535;1.86;00:25:54.600
237.67;1.393;0.1773E+03;49.873;300;20;0.3311E+03;0.2797E+03;0.536;1.85;00:25:54.700
237.70;1.401;0.1781E+03;49.874;300;20;0.3330E+03;0.2813E+03;0.535;1.83;00:25:54.800
237.71;1.359;0.1729E+03;49.874;300;20;0.3232E+03;0.2730E+03;0.535;1.84;00:25:54.900
237.82;0.742;0.0943E+03;49.873;300;20;0.1765E+03;0.1492E+03;0.535;1.78;00:25:55.000
237.80;0.754;0.0964E+03;49.873;300;20;0.1792E+03;0.1511E+03;0.538;1.80;00:25:55.100
237.79;0.750;0.0960E+03;49.872;300;20;0.1784E+03;0.1503E+03;0.538;1.81;00:25:55.200
237.79;0.747;0.0955E+03;49.871;300;20;0.1776E+03;0.1497E+03;0.538;1.79;00:25:55.300
237.79;0.749;0.0959E+03;49.873;300;20;0.1780E+03;0.1500E+03;0.539;1.80;00:25:55.400
237.81;0.761;0.0974E+03;49.873;300;20;0.1809E+03;0.1524E+03;0.539;1.80;00:25:55.500
237.83;0.740;0.0949E+03;49.873;300;20;0.1760E+03;0.1482E+03;0.539;1.80;00:25:55.600
237.80;0.743;0.0952E+03;49.873;300;20;0.1768E+03;0.1489E+03;0.539;1.83;00:25:55.700
237.79;0.743;0.0952E+03;49.871;300;20;0.1768E+03;0.1490E+03;0.539;1.81;00:25:55.800
237.81;0.750;0.0961E+03;49.870;300;20;0.1783E+03;0.1502E+03;0.539;1.82;00:25:55.900
237.81;0.749;0.0961E+03;49.870;300;20;0.1780E+03;0.1498E+03;0.540;1.84;00:25:56.000
237.80;0.781;0.0997E+03;49.870;300;20;0.1858E+03;0.1568E+03;0.537;1.82;00:25:56.100
237.71;1.295;0.1631E+03;49.870;300;20;0.3078E+03;0.2611E+03;0.530;1.84;00:25:56.200
237.72;1.201;0.1525E+03;49.870;300;20;0.2855E+03;0.2414E+03;0.534;1.80;00:25:56.300
237.74;1.205;0.1532E+03;49.870;300;20;0.2864E+03;0.2420E+03;0.535;1.83;00:25:56.400
237.74;1.190;0.1512E+03;49.870;300;20;0.2830E+03;0.2392E+03;0.534;1.82;00:25:56.500
237.73;1.191;0.1513E+03;49.869;300;20;0.2832E+03;0.2394E+03;0.534;1.80;00:25:56.600
237.71;1.193;0.1515E+03;49.869;300;20;0.2835E+03;0.2396E+03;0.534;1.81;00:25:56.700
237.71;1.196;0.1518E+03;49.870;300;20;0.2842E+03;0.2403E+03;0.534;1.81;00:25:56.800
237.74;1.189;0.1511E+03;49.870;300;20;0.2826E+03;0.2388E+03;0.535;1.83;00:25:56.900
237.81;0.797;0.1012E+03;49.869;300;20;0.1894E+03;0.1602E+03;0.534;1.80;00:25:57.000
237.79;0.738;0.0946E+03;49.871;300;20;0.1756E+03;0.1479E+03;0.539;1.80;00:25:57.100
237.77;0.747;0.0957E+03;49.871;300;20;0.1775E+03;0.1495E+03;0.539;1.82;00:25:57.200
237.80;0.752;0.0964E+03;49.871;300;20;0.1788E+03;0.1506E+03;0.539;1.82;00:25:57.300
237.80;0.740;0.0949E+03;49.870;300;20;0.1759E+03;0.1481E+03;0.540;1.83;00:25:57.400
237.84;0.752;0.0967E+03;49.870;300;20;0.1789E+03;0.1506E+03;0.540;1.84;00:25:57.500
237.82;0.747;0.0957E+03;49.870;300;20;0.1778E+03;0.1498E+03;0.538;1.83;00:25:57.600
237.84;0.751;0.0962E+03;49.870;300;20;0.1786E+03;0.1504E+03;0.539;1.82;00:25:57.700
237.82;0.737;0.0945E+03;49.870;300;20;0.1752E+03;0.1475E+03;0.540;1.81;00:25:57.800
237.81;0.754;0.0966E+03;49.870;300;20;0.1792E+03;0.1509E+03;0.539;1.81;00:25:57.900
237.79;0.738;0.0945E+03;49.870;300;20;0.1755E+03;0.1479E+03;0.538;1.78;00:25:58.000
237.73;1.015;0.1261E+03;49.869;300;20;0.2412E+03;0.2056E+03;0.523;1.80;00:25:58.100
237.67;1.324;0.1682E+03;49.870;300;20;0.3146E+03;0.2659E+03;0.535;1.84;00:25:58.200
237.72;1.210;0.1536E+03;49.870;300;20;0.2877E+03;0.2433E+03;0.534;1.82;00:25:58.300
237.71;1.191;0.1514E+03;49.871;300;20;0.2832E+03;0.2394E+03;0.534;1.82;00:25:58.400
237.73;1.203;0.1529E+03;49.871;300;20;0.2860E+03;0.2418E+03;0.534;1.84;00:25:58.500
237.74;1.203;0.1529E+03;49.869;300;20;0.2859E+03;0.2416E+03;0.535;1.82;00:25:58.600
237.69;1.202;0.1527E+03;49.869;300;20;0.2857E+03;0.2415E+03;0.535;1.85;00:25:58.700
237.71;1.210;0.1539E+03;49.868;300;20;0.2877E+03;0.2430E+03;0.535;1.85;00:25:58.800
237.75;1.039;0.1305E+03;49.867;300;20;0.2471E+03;0.2099E+03;0.528;1.83;00:25:58.900
237.80;0.728;0.0933E+03;49.868;300;20;0.1732E+03;0.1459E+03;0.539;1.82;00:25:59.000
237.80;0.753;0.0966E+03;49.868;300;20;0.1792E+03;0.1509E+03;0.539;1.82;00:25:59.100
237.79;0.753;0.0964E+03;49.867;300;20;0.1790E+03;0.1509E+03;0.538;1.80;00:25:59.200
237.80;0.747;0.0957E+03;49.867;300;20;0.1775E+03;0.1495E+03;0.539;1.79;00:25:59.300
237.83;0.752;0.0964E+03;49.866;300;20;0.1789E+03;0.1508E+03;0.539;1.78;00:25:59.400
237.82;0.753;0.0964E+03;49.865;300;20;0.1790E+03;0.1508E+03;0.539;1.79;00:25:59.500
237.83;0.742;0.0949E+03;49.864;300;20;0.1765E+03;0.1488E+03;0.538;1.79;00:25:59.600
237.78;0.743;0.0951E+03;49.863;300;20;0.1767E+03;0.1489E+03;0.538;1.79;00:25:59.700
237.78;0.749;0.0958E+03;49.864;300;20;0.1782E+03;0.1502E+03;0.538;1.78;00:25:59.800
237.76;0.748;0.0956E+03;49.866;300;20;0.1777E+03;0.1499E+03;0.538;1.77;00:25:59.900
237.77;0.744;0.0952E+03;49.866;300;20;0.1769E+03;0.1491E+03;0.538;1.76;00:26:00.000
237.73;0.960;0.1208E+03;49.866;300;20;0.2283E+03;0.1937E+03;0.529;1.78;00:26:00.100
237.72;1.047;0.1332E+03;49.866;300;20;0.2489E+03;0.2103E+03;0.535;1.82;00:26:00.200
237.72;1.032;0.1309E+03;49.867;300;20;0.2454E+03;0.2076E+03;0.533;1.82;00:26:00.300
237.67;1.009;0.1279E+03;49.868;300;20;0.2398E+03;0.2029E+03;0.533;1.83;00:26:00.400
237.71;1.028;0.1307E+03;49.869;300;20;0.2445E+03;0.2066E+03;0.535;1.83;00:26:00.500
237.73;1.010;0.1282E+03;49.872;300;20;0.2402E+03;0.2031E+03;0.534;1.81;00:26:00.600
237.69;1.015;0.1287E+03;49.874;300;20;0.2412E+03;0.2039E+03;0.534;1.82;00:26:00.700
237.73;1.011;0.1282E+03;49.875;300;20;0.2403E+03;0.2033E+03;0.533;1.80;00:26:00.800
237.76;1.024;0.1298E+03;49.874;300;20;0.2434E+03;0.2060E+03;0.533;1.79;00:26:00.900
237.77;1.014;0.1286E+03;49.874;300;20;0.2412E+03;0.2041E+03;0.533;1.80;00:26:01.000
237.75;1.019;0.1290E+03;49.873;300;20;0.2422E+03;0.2050E+03;0.533;1.80;00:26:01.100
237.75;1.025;0.1298E+03;49.873;300;20;0.2438E+03;0.2063E+03;0.532;1.82;00:26:01.200
237.77;0.956;0.1204E+03;49.872;300;20;0.2272E+03;0.1927E+03;0.530;1.81;00:26:01.300
237.79;0.744;0.0949E+03;49.873;300;20;0.1768E+03;0.1492E+03;0.536;1.80;00:26:01.400
237.79;0.747;0.0953E+03;49.872;300;20;0.1776E+03;0.1498E+03;0.537;1.81;00:26:01.500
237.79;0.752;0.0960E+03;49.872;300;20;0.1789E+03;0.1509E+03;0.537;1.82;00:26:01.600
237.78;0.739;0.0944E+03;49.870;300;20;0.1757E+03;0.1482E+03;0.537;1.84;00:26:01.700
237.77;0.752;0.0959E+03;49.870;300;20;0.1788E+03;0.1509E+03;0.536;1.84;00:26:01.800
237.76;0.740;0.0945E+03;49.870;300;20;0.1759E+03;0.1484E+03;0.537;1.84;00:26:01.900
237.78;0.759;0.0969E+03;49.870;300;20;0.1805E+03;0.1523E+03;0.537;1.84;00:26:02.000
237.73;0.739;0.0944E+03;49.870;300;20;0.1758E+03;0.1483E+03;0.537;1.84;00:26:02.100
237.81;0.758;0.0969E+03;49.869;300;20;0.1803E+03;0.1521E+03;0.537;1.84;00:26:02.200
237.82;0.764;0.0975E+03;49.870;300;20;0.1816E+03;0.1532E+03;0.537;1.82;00:26:02.300
237.79;0.814;0.1032E+03;49.868;300;20;0.1936E+03;0.1638E+03;0.533;1.82;00:26:02.400
237.78;1.078;0.1367E+03;49.869;300;20;0.2563E+03;0.2168E+03;0.533;1.85;00:26:02.500
237.78;1.029;0.1305E+03;49.868;300;20;0.2447E+03;0.2070E+03;0.533;1.84;00:26:02.600
237.80;1.021;0.1296E+03;49.868;300;20;0.2429E+03;0.2055E+03;0.533;1.83;00:26:02.700
237.80;1.022;0.1297E+03;49.869;300;20;0.2430E+03;0.2055E+03;0.534;1.82;00:26:02.800
237.79;1.015;0.1290E+03;49.869;300;20;0.2415E+03;0.2041E+03;0.534;1.83;00:26:02.900
237.74;1.017;0.1293E+03;49.869;300;20;0.2418E+03;0.2043E+03;0.535;1.82;00:26:03.000
237.75;1.021;0.1296E+03;49.870;300;20;0.2426E+03;0.2051E+03;0.534;1.83;00:26:03.100
237.71;1.007;0.1280E+03;49.871;300;20;0.2393E+03;0.2022E+03;0.535;1.86;00:26:03.200
237.71;1.029;0.1308E+03;49.871;300;20;0.2447E+03;0.2068E+03;0.535;1.84;00:26:03.300
237.73;1.019;0.1295E+03;49.873;300;20;0.2423E+03;0.2048E+03;0.535;1.86;00:26:03.400
237.68;1.019;0.1294E+03;49.873;300;20;0.2421E+03;0.2046E+03;0.534;1.85;00:26:03.500
237.74;1.021;0.1297E+03;49.873;300;20;0.2428E+03;0.2053E+03;0.534;1.84;00:26:03.600
237.77;0.804;0.1026E+03;49.874;300;20;0.1911E+03;0.1612E+03;0.537;1.82;00:26:03.700
237.80;0.761;0.0973E+03;49.873;300;20;0.1810E+03;0.1526E+03;0.538;1.80;00:26:03.800
237.80;0.751;0.0960E+03;49.873;300;20;0.1787E+03;0.1507E+03;0.537;1.80;00:26:03.900
237.78;0.743;0.0952E+03;49.873;300;20;0.1767E+03;0.1489E+03;0.539;1.81;00:26:04.000
237.78;0.743;0.0951E+03;49.872;300;20;0.1768E+03;0.1490E+03;0.538;1.78;00:26:04.100
237.80;0.746;0.0956E+03;49.873;300;20;0.1775E+03;0.1496E+03;0.539;1.80;00:26:04.200
237.78;0.749;0.0959E+03;49.873;300;20;0.1780E+03;0.1500E+03;0.538;1.82;00:26:04.300
237.82;0.752;0.0962E+03;49.873;300;20;0.1788E+03;0.1507E+03;0.538;1.82;00:26:04.400
237.82;0.743;0.0952E+03;49.872;300;20;0.1768E+03;0.1490E+03;0.538;1.81;00:26:04.500
237.81;0.745;0.0955E+03;49.872;300;20;0.1772E+03;0.1493E+03;0.539;1.80;00:26:04.600
237.80;0.746;0.0956E+03;49.872;300;20;0.1775E+03;0.1495E+03;0.539;1.82;00:26:04.700
237.76;0.807;0.1028E+03;49.871;300;20;0.1919E+03;0.1620E+03;0.536;1.82;00:26:04.800
237.80;0.872;0.1112E+03;49.871;300;20;0.2073E+03;0.1749E+03;0.537;1.84;00:26:04.900
237.78;0.859;0.1094E+03;49.871;300;20;0.2043E+03;0.1726E+03;0.535;1.83;00:26:05.000
237.76;0.870;0.1106E+03;49.872;300;20;0.2068E+03;0.1747E+03;0.535;1.83;00:26:05.100
237.80;0.869;0.1107E+03;49.872;300;20;0.2067E+03;0.1746E+03;0.535;1.82;00:26:05.200
237.76;0.863;0.1099E+03;49.873;300;20;0.2052E+03;0.1733E+03;0.536;1.83;00:26:05.300
237.79;0.855;0.1091E+03;49.873;300;20;0.2033E+03;0.1715E+03;0.537;1.82;00:26:05.400
237.78;0.864;0.1100E+03;49.873;300;20;0.2055E+03;0.1736E+03;0.535;1.82;00:26:05.500
237.79;0.849;0.1083E+03;49.874;300;20;0.2018E+03;0.1703E+03;0.536;1.80;00:26:05.600
237.80;0.873;0.1114E+03;49.875;300;20;0.2077E+03;0.1753E+03;0.536;1.81;00:26:05.700
237.81;0.859;0.1095E+03;49.877;300;20;0.2042E+03;0.1724E+03;0.536;1.80;00:26:05.800
237.80;0.859;0.1095E+03;49.877;300;20;0.2043E+03;0.1724E+03;0.536;1.81;00:26:05.900
237.81;0.848;0.1080E+03;49.876;300;20;0.2016E+03;0.1702E+03;0.536;1.82;00:26:06.000
237.76;0.854;0.1088E+03;49.875;300;20;0.2030E+03;0.1714E+03;0.536;1.80;00:26:06.100
237.79;0.863;0.1102E+03;49.876;300;20;0.2053E+03;0.1732E+03;0.537;1.84;00:26:06.200
237.76;0.849;0.1084E+03;49.876;300;20;0.2020E+03;0.1704E+03;0.537;1.83;00:26:06.300
237.75;0.860;0.1100E+03;49.877;300;20;0.2045E+03;0.1724E+03;0.538;1.84;00:26:06.400
237.79;0.866;0.1108E+03;49.877;300;20;0.2060E+03;0.1736E+03;0.538;1.84;00:26:06.500
237.79;0.863;0.1101E+03;49.876;300;20;0.2052E+03;0.1731E+03;0.537;1.83;00:26:06.600
237.76;0.850;0.1087E+03;49.877;300;20;0.2021E+03;0.1704E+03;0.538;1.83;00:26:06.700
237.76;0.869;0.1109E+03;49.876;300;20;0.2065E+03;0.1742E+03;0.537;1.85;00:26:06.800
237.76;0.860;0.1098E+03;49.876;300;20;0.2045E+03;0.1725E+03;0.537;1.82;00:26:06.900
237.75;0.867;0.1104E+03;49.877;300;20;0.2060E+03;0.1740E+03;0.536;1.81;00:26:07.000
237.75;0.874;0.1114E+03;49.880;300;20;0.2078E+03;0.1754E+03;0.536;1.80;00:26:07.100
237.76;0.862;0.1100E+03;49.880;300;20;0.2050E+03;0.1730E+03;0.537;1.82;00:26:07.200
237.73;0.817;0.1043E+03;49.880;300;20;0.1942E+03;0.1638E+03;0.537;1.81;00:26:07.300
237.75;0.749;0.0958E+03;49.879;300;20;0.1780E+03;0.1500E+03;0.538;1.77;00:26:07.400
237.77;0.755;0.0967E+03;49.879;300;20;0.1796E+03;0.1513E+03;0.538;1.80;00:26:07.500
237.79;0.736;0.0944E+03;49.880;300;20;0.1750E+03;0.1474E+03;0.539;1.80;00:26:07.600
237.75;0.747;0.0959E+03;49.880;300;20;0.1775E+03;0.1494E+03;0.540;1.83;00:26:07.700
237.76;0.744;0.0955E+03;49.880;300;20;0.1768E+03;0.1488E+03;0.540;1.84;00:26:07.800
237.77;0.749;0.0960E+03;49.881;300;20;0.1781E+03;0.1500E+03;0.539;1.83;00:26:07.900
237.78;0.749;0.0960E+03;49.881;300;20;0.1781E+03;0.1500E+03;0.539;1.84;00:26:08.000
237.74;0.747;0.0955E+03;49.881;300;20;0.1775E+03;0.1496E+03;0.538;1.86;00:26:08.100
237.76;0.747;0.0958E+03;49.880;300;20;0.1775E+03;0.1495E+03;0.540;1.83;00:26:08.200
237.78;0.752;0.0963E+03;49.880;300;20;0.1789E+03;0.1507E+03;0.539;1.82;00:26:08.300
237.76;0.749;0.0960E+03;49.881;300;20;0.1780E+03;0.1499E+03;0.539;1.80;00:26:08.400
237.74;0.876;0.1119E+03;49.882;300;20;0.2083E+03;0.1757E+03;0.537;1.82;00:26:08.500
237.73;0.866;0.1106E+03;49.881;300;20;0.2059E+03;0.1737E+03;0.537;1.84;00:26:08.600
237.71;0.859;0.1096E+03;49.881;300;20;0.2042E+03;0.1723E+03;0.537;1.84;00:26:08.700
237.73;0.864;0.1102E+03;49.882;300;20;0.2053E+03;0.1732E+03;0.537;1.81;00:26:08.800
237.73;0.866;0.1105E+03;49.882;300;20;0.2058E+03;0.1736E+03;0.537;1.81;00:26:08.900
237.74;0.869;0.1109E+03;49.882;300;20;0.2065E+03;0.1742E+03;0.537;1.81;00:26:09.000
237.75;0.857;0.1096E+03;49.882;300;20;0.2038E+03;0.1719E+03;0.538;1.82;00:26:09.100
237.71;0.855;0.1091E+03;49.882;300;20;0.2032E+03;0.1714E+03;0.537;1.84;00:26:09.200
237.70;0.856;0.1095E+03;49.883;300;20;0.2036E+03;0.1716E+03;0.538;1.83;00:26:09.300
237.69;0.869;0.1109E+03;49.882;300;20;0.2064E+03;0.1741E+03;0.537;1.82;00:26:09.400
237.71;0.867;0.1108E+03;49.881;300;20;0.2060E+03;0.1736E+03;0.538;1.83;00:26:09.500
237.78;0.863;0.1105E+03;49.881;300;20;0.2053E+03;0.1730E+03;0.538;1.83;00:26:09.600
237.76;0.862;0.1104E+03;49.881;300;20;0.2048E+03;0.1726E+03;0.539;1.83;00:26:09.700
237.78;0.868;0.1109E+03;49.881;300;20;0.2063E+03;0.1739E+03;0.538;1.80;00:26:09.800
237.73;0.867;0.1106E+03;49.880;300;20;0.2060E+03;0.1738E+03;0.537;1.81;00:26:09.900
237.76;0.858;0.1096E+03;49.879;300;20;0.2040E+03;0.1720E+03;0.537;1.79;00:26:10.000
237.75;0.866;0.1104E+03;49.878;300;20;0.2059E+03;0.1738E+03;0.536;1.80;00:26:10.100
237.77;0.864;0.1103E+03;49.879;300;20;0.2054E+03;0.1732E+03;0.537;1.82;00:26:10.200
237.75;0.865;0.1104E+03;49.879;300;20;0.2057E+03;0.1735E+03;0.537;1.81;00:26:10.300
237.74;0.856;0.1093E+03;49.881;300;20;0.2035E+03;0.1716E+03;0.537;1.81;00:26:10.400
237.83;0.881;0.1126E+03;49.881;300;20;0.2096E+03;0.1768E+03;0.537;1.84;00:26:10.500
237.75;0.854;0.1088E+03;49.882;300;20;0.2029E+03;0.1713E+03;0.536;1.82;00:26:10.600
237.75;0.870;0.1109E+03;49.882;300;20;0.2069E+03;0.1747E+03;0.536;1.86;00:26:10.700
237.77;0.873;0.1114E+03;49.882;300;20;0.2075E+03;0.1751E+03;0.537;1.83;00:26:10.800
237.77;0.779;0.0997E+03;49.883;300;20;0.1852E+03;0.1560E+03;0.538;1.85;00:26:10.900
237.78;0.752;0.0964E+03;49.884;300;20;0.1788E+03;0.1506E+03;0.539;1.82;00:26:11.000
237.79;0.745;0.0955E+03;49.885;300;20;0.1772E+03;0.1492E+03;0.539;1.83;00:26:11.100
237.77;0.746;0.0956E+03;49.885;300;20;0.1773E+03;0.1493E+03;0.539;1.82;00:26:11.200
237.81;0.761;0.0973E+03;49.885;300;20;0.1810E+03;0.1526E+03;0.538;1.82;00:26:11.300
237.77;0.745;0.0952E+03;49.883;300;20;0.1772E+03;0.1494E+03;0.537;1.80;00:26:11.400
237.75;0.741;0.0950E+03;49.884;300;20;0.1763E+03;0.1485E+03;0.539;1.81;00:26:11.500
237.77;0.750;0.0960E+03;49.882;300;20;0.1783E+03;0.1502E+03;0.539;1.81;00:26:11.600
237.74;0.740;0.0948E+03;49.881;300;20;0.1760E+03;0.1483E+03;0.538;1.81;00:26:11.700
237.76;0.749;0.0958E+03;49.882;300;20;0.1781E+03;0.1501E+03;0.538;1.80;00:26:11.800
237.75;0.738;0.0946E+03;49.882;300;20;0.1754E+03;0.1477E+03;0.539;1.82;00:26:11.900
237.73;0.744;0.0953E+03;49.882;300;20;0.1769E+03;0.1490E+03;0.539;1.82;00:26:12.000
237.69;0.738;0.0947E+03;49.881;300;20;0.1755E+03;0.1478E+03;0.539;1.82;00:26:12.100
237.72;0.747;0.0956E+03;49.880;300;20;0.1775E+03;0.1496E+03;0.539;1.82;00:26:12.200
237.72;0.749;0.0959E+03;49.879;300;20;0.1781E+03;0.1500E+03;0.539;1.83;00:26:12.300
237.78;0.747;0.0958E+03;49.878;300;20;0.1776E+03;0.1496E+03;0.540;1.84;00:26:12.400
237.80;0.751;0.0965E+03;49.877;300;20;0.1787E+03;0.1504E+03;0.540;1.82;00:26:12.500
237.81;0.736;0.0944E+03;49.876;300;20;0.1749E+03;0.1473E+03;0.539;1.82;00:26:12.600
237.78;0.750;0.0962E+03;49.876;300;20;0.1783E+03;0.1501E+03;0.540;1.82;00:26:12.700
237.82;0.745;0.0957E+03;49.875;300;20;0.1772E+03;0.1491E+03;0.540;1.80;00:26:12.800
237.81;0.753;0.0965E+03;49.874;300;20;0.1791E+03;0.1509E+03;0.539;1.80;00:26:12.900
237.80;0.736;0.0944E+03;49.874;300;20;0.1749E+03;0.1473E+03;0.540;1.81;00:26:13.000
237.81;0.750;0.0960E+03;49.873;300;20;0.1784E+03;0.1503E+03;0.538;1.79;00:26:13.100
237.81;0.747;0.0957E+03;49.874;300;20;0.1776E+03;0.1496E+03;0.539;1.79;00:26:13.200
237.76;0.741;0.0948E+03;49.873;300;20;0.1762E+03;0.1486E+03;0.538;1.79;00:26:13.300
237.74;0.734;0.0942E+03;49.874;300;20;0.1746E+03;0.1470E+03;0.539;1.77;00:26:13.400
237.76;0.753;0.0965E+03;49.876;300;20;0.1790E+03;0.1508E+03;0.539;1.81;00:26:13.500
237.80;0.750;0.0962E+03;49.875;300;20;0.1783E+03;0.1501E+03;0.540;1.81;00:26:13.600
237.77;0.749;0.0959E+03;49.877;300;20;0.1781E+03;0.1501E+03;0.538;1.85;00:26:13.700
237.79;0.750;0.0961E+03;49.877;300;20;0.1782E+03;0.1501E+03;0.539;1.84;00:26:13.800
237.80;0.741;0.0950E+03;49.877;300;20;0.1762E+03;0.1484E+03;0.539;1.84;00:26:13.900
237.78;0.742;0.0951E+03;49.874;300;20;0.1765E+03;0.1487E+03;0.539;1.84;00:26:14.000
237.79;0.736;0.0944E+03;49.874;300;20;0.1751E+03;0.1475E+03;0.539;1.83;00:26:14.100
237.79;0.751;0.0964E+03;49.874;300;20;0.1786E+03;0.1504E+03;0.540;1.83;00:26:14.200
